brand,product_name,protein_pct,fat_pct,carb_pct,phosphorus_mg_per_100kcal,calories,serving_size_oz,not_recommended,supplemental_only,source
COMPANY,Chicken & Pumpkin Samba,57.0,22.0,21.0,471.0,68.0,5.5,FALSE,FALSE,"Pierson, L.A. (2017). catinfo.org"
COMPANY,Big Kahuna w/Crab & Tilapia,73.0,25.0,2.0,330.0,67.0,5.5,FALSE,FALSE,"Pierson, L.A. (2017). catinfo.org"
COMPANY,Bimini Brunch w/Krill & Egg,72.0,28.0,0.0,318.0,70.0,5.5,FALSE,FALSE,"Pierson, L.A. (2017). catinfo.org"
APPLAWS,Tuna in Gravy in Gravy,66.0,28.0,7.0,296.0,65.0,5.5,FALSE,TRUE,"Pierson, L.A. (2017). catinfo.org"
APPLAWS,Tuna & Chicken in Gravy,65.0,28.0,7.0,300.0,65.0,5.5,FALSE,TRUE,"Pierson, L.A. (2017). catinfo.org"
APPLAWS,Tuna & Salmon in Gravy,63.0,30.0,7.0,297.0,66.0,5.5,FALSE,TRUE,"Pierson, L.A. (2017). catinfo.org"
APPLAWS,Tuna & Shrimp in Gravy,67.0,27.0,6.0,299.0,65.0,5.5,FALSE,TRUE,"Pierson, L.A. (2017). catinfo.org"
APPLAWS,Tuna & Pumpkin in Gravy,65.0,27.0,7.0,298.0,64.0,5.5,FALSE,TRUE,"Pierson, L.A. (2017). catinfo.org"
AVODERM,Chicken Formula,31.0,60.0,9.0,200.0,191.0,5.5,FALSE,FALSE,"Pierson, L.A. (2017). catinfo.org"
AVODERM,Ocean Fish Formula,34.0,58.0,8.0,274.0,171.0,5.5,FALSE,FALSE,"Pierson, L.A. (2017). catinfo.org"
AVODERM,Salmon Formula,35.0,56.0,10.0,244.0,198.0,5.5,FALSE,FALSE,"Pierson, L.A. (2017). catinfo.org"
AVODERM,Indoor Weight Control,33.0,46.0,20.0,249.0,151.0,5.5,FALSE,FALSE,"Pierson, L.A. (2017). catinfo.org"
AVODERM,Tuna in Gravy,66.0,24.0,10.0,339.0,53.0,5.5,FALSE,FALSE,"Pierson, L.A. (2017). catinfo.org"
AVODERM,Ocean Fish in Gravy,59.0,29.0,12.0,316.0,53.0,5.5,FALSE,FALSE,"Pierson, L.A. (2017). catinfo.org"
AVODERM,Salmon in Gravy,54.0,33.0,13.0,462.0,53.0,5.5,FALSE,FALSE,"Pierson, L.A. (2017). catinfo.org"
AVODERM,Chicken & Duck in Gravy,45.0,40.0,14.0,325.0,57.0,5.5,FALSE,FALSE,"Pierson, L.A. (2017). catinfo.org"
AVODERM,Tuna & Bonito Be Mine,68.0,30.0,2.0,240.0,,,FALSE,FALSE,"Pierson, L.A. (2017). catinfo.org"
AVODERM,Tuna Too Cool,69.0,29.0,2.0,248.0,,,FALSE,FALSE,"Pierson, L.A. (2017). catinfo.org"
AVODERM,Tuna & Shrimp Sweethearts,64.0,33.0,2.0,236.0,,,FALSE,FALSE,"Pierson, L.A. (2017). catinfo.org"
AVODERM,Tuna & Pumpkin Valentine,64.0,31.0,5.0,243.0,,,FALSE,FALSE,"Pierson, L.A. (2017). catinfo.org"
AVODERM,Tuna & Salmon Soulmates,66.0,32.0,2.0,236.0,,,FALSE,FALSE,"Pierson, L.A. (2017). catinfo.org"
AVODERM,Tuna & Tilapia Twosome,68.0,30.0,2.0,240.0,,,FALSE,FALSE,"Pierson, L.A. (2017). catinfo.org"
AVODERM,Tuna & Chicken 4-EVA,69.0,29.0,2.0,234.0,,,FALSE,FALSE,"Pierson, L.A. (2017). catinfo.org"
AVODERM,Tuna & Chicken Chuckles,69.0,29.0,2.0,237.0,,,FALSE,FALSE,"Pierson, L.A. (2017). catinfo.org"
AVODERM,Tuna & Chicken Charm Me,59.0,32.0,9.0,195.0,61.0,5.5,FALSE,FALSE,"Pierson, L.A. (2017). catinfo.org"
AVODERM,Tuna & Turkey Tickles,54.0,32.0,14.0,195.0,65.0,5.5,FALSE,FALSE,"Pierson, L.A. (2017). catinfo.org"
AVODERM,Tuna & Duck Devour Me,54.0,34.0,13.0,177.0,62.0,5.5,FALSE,FALSE,"Pierson, L.A. (2017). catinfo.org"
AVODERM,Tuna & Lamb Luv Ya,55.0,30.0,15.0,207.0,66.0,5.5,FALSE,FALSE,"Pierson, L.A. (2017). catinfo.org"
AVODERM,Tuna & Beef Babycakes,56.0,29.0,15.0,199.0,60.0,5.5,FALSE,FALSE,"Pierson, L.A. (2017). catinfo.org"
BEYOND - GRAVY,"Chicken, Beef & Carrot",46.0,47.0,7.0,305.0,73.0,5.5,FALSE,FALSE,"Pierson, L.A. (2017). catinfo.org"
BEYOND - GRAVY,Salmon & Sweet Potato,49.0,42.0,9.0,344.0,76.0,5.5,FALSE,FALSE,"Pierson, L.A. (2017). catinfo.org"
BEYOND - GRAVY,Tuna Mackerel & Carrot,48.0,38.0,13.0,376.0,71.0,5.5,FALSE,FALSE,"Pierson, L.A. (2017). catinfo.org"
BEYOND - PATE,Chicken & Sweet Potato,35.0,63.0,3.0,369.0,99.0,5.5,FALSE,FALSE,"Pierson, L.A. (2017). catinfo.org"
BEYOND - PATE,Wild Salmon,36.0,63.0,2.0,369.0,100.0,5.5,FALSE,FALSE,"Pierson, L.A. (2017). catinfo.org"
BEYOND - PATE,Trout & Catfish,38.0,61.0,1.0,372.0,99.0,5.5,FALSE,FALSE,"Pierson, L.A. (2017). catinfo.org"
BEYOND - PATE,Artic Char & Spinach,33.0,65.0,2.0,228.0,100.0,5.5,FALSE,FALSE,"Pierson, L.A. (2017). catinfo.org"
BEYOND - PATE,Duck & Sweet Potato,35.0,63.0,2.0,375.0,100.0,5.5,FALSE,FALSE,"Pierson, L.A. (2017). catinfo.org"
BEYOND - PATE,Quail & Carrot,42.0,55.0,3.0,413.0,92.0,5.5,FALSE,FALSE,"Pierson, L.A. (2017). catinfo.org"
BEYOND - GRAVY,Chicken & Brown Rice Pate,36.0,61.0,3.0,388.0,97.0,5.5,FALSE,FALSE,"Pierson, L.A. (2017). catinfo.org"
BEYOND - GRAVY,Salmon & Brown Rice Pate,35.0,63.0,2.0,362.0,101.0,5.5,FALSE,FALSE,"Pierson, L.A. (2017). catinfo.org"
BLUE,Kitten Chicken,30.0,65.0,5.0,341.0,122.0,5.5,FALSE,FALSE,"Pierson, L.A. (2017). catinfo.org"
BLUE,Flaked Fish & Shrimp,44.0,43.0,13.0,451.0,,,FALSE,FALSE,"Pierson, L.A. (2017). catinfo.org"
BLUE,Pate Indoor Chicken,34.0,58.0,8.0,385.0,,,FALSE,FALSE,"Pierson, L.A. (2017). catinfo.org"
BLUE,Indoor Mature Pate Chicken,31.0,57.0,11.0,395.0,92.0,5.5,FALSE,FALSE,"Pierson, L.A. (2017). catinfo.org"
BLUE,Indoor Kitten,30.0,64.0,6.0,373.0,116.0,5.5,FALSE,FALSE,"Pierson, L.A. (2017). catinfo.org"
BLUE,Indoor Chicken,35.0,58.0,7.0,398.0,85.0,5.5,FALSE,FALSE,"Pierson, L.A. (2017). catinfo.org"
BLUE,Indoor Fish,35.0,58.0,7.0,398.0,85.0,5.5,FALSE,FALSE,"Pierson, L.A. (2017). catinfo.org"
BLUE,Indoor Flaked Fish in Gravy,37.0,51.0,12.0,445.0,84.0,5.5,FALSE,FALSE,"Pierson, L.A. (2017). catinfo.org"
BLUE,Indoor Mature Chicken,33.0,59.0,8.0,411.0,91.0,5.5,FALSE,FALSE,"Pierson, L.A. (2017). catinfo.org"
BLUE,Indoor Kitten Turkey & Potato,32.0,60.0,9.0,390.0,109.0,5.5,FALSE,FALSE,"Pierson, L.A. (2017). catinfo.org"
BLUE,Indoor Turkey & Potato,30.0,53.0,17.0,511.0,75.0,5.5,FALSE,FALSE,"Pierson, L.A. (2017). catinfo.org"
BLUE,Indoor Duck & Potato,30.0,53.0,17.0,511.0,75.0,5.5,FALSE,FALSE,"Pierson, L.A. (2017). catinfo.org"
BLUE,Indoor Fish & Potato,30.0,53.0,17.0,511.0,75.0,5.5,FALSE,FALSE,"Pierson, L.A. (2017). catinfo.org"
BLUE,Mature Chicken,29.0,60.0,11.0,424.0,96.0,5.5,FALSE,FALSE,"Pierson, L.A. (2017). catinfo.org"
BLUE,Chicken & Salmon in Gravy,37.0,54.0,10.0,418.0,,,FALSE,FALSE,"Pierson, L.A. (2017). catinfo.org"
BLUE,Minced Chicken & Turkey,37.0,54.0,10.0,418.0,157.0,5.0,FALSE,FALSE,"Pierson, L.A. (2017). catinfo.org"
BLUE,Minced Chicken & Trout,37.0,54.0,10.0,418.0,151.0,5.0,FALSE,FALSE,"Pierson, L.A. (2017). catinfo.org"
BLUE,Flaked Red Meat,37.0,51.0,12.0,434.0,83.0,5.5,FALSE,FALSE,"Pierson, L.A. (2017). catinfo.org"
BLUE,Flaked Trout,37.0,51.0,12.0,434.0,83.0,5.5,FALSE,FALSE,"Pierson, L.A. (2017). catinfo.org"
CANIDAE,"Chicken, Turkey, Lamb",29.0,66.0,5.0,239.0,199.0,5.5,FALSE,FALSE,"Pierson, L.A. (2017). catinfo.org"
CANIDAE,Salmon & Mackerel,38.0,62.0,0.0,247.0,179.0,5.5,FALSE,FALSE,"Pierson, L.A. (2017). catinfo.org"
CANIDAE,Turkey & Rabbit Slices,36.0,57.0,7.0,283.0,85.0,3.0,FALSE,FALSE,"Pierson, L.A. (2017). catinfo.org"
CANIDAE,Duck & Duck Liver Slices,38.0,51.0,11.0,337.0,76.0,3.0,FALSE,FALSE,"Pierson, L.A. (2017). catinfo.org"
CANIDAE,Salmon Slices,32.0,64.0,4.0,223.0,87.0,3.0,FALSE,FALSE,"Pierson, L.A. (2017). catinfo.org"
CANIDAE,Chicken Pate,28.0,68.0,4.0,224.0,110.0,3.0,FALSE,FALSE,"Pierson, L.A. (2017). catinfo.org"
CANIDAE,"Chicken, Lamb & Fish",30.0,57.0,13.0,226.0,188.0,5.5,FALSE,FALSE,"Pierson, L.A. (2017). catinfo.org"
CANIDAE,Chicken & Rice,27.0,64.0,9.0,227.0,188.0,5.5,FALSE,FALSE,"Pierson, L.A. (2017). catinfo.org"
CANIDAE,"Indoor Chicken, Lamb & Fish",30.0,63.0,7.0,280.0,172.0,5.5,FALSE,FALSE,"Pierson, L.A. (2017). catinfo.org"
CANIDAE,Chicken,27.0,64.0,9.0,227.0,106.0,3.0,FALSE,FALSE,"Pierson, L.A. (2017). catinfo.org"
CANIDAE,Turkey,36.0,53.0,11.0,285.0,81.0,3.0,FALSE,FALSE,"Pierson, L.A. (2017). catinfo.org"
CANIDAE,Lamb,35.0,59.0,7.0,233.0,84.0,3.0,FALSE,FALSE,"Pierson, L.A. (2017). catinfo.org"
CANIDAE,Ocean Fish,35.0,53.0,12.0,279.0,78.0,3.0,FALSE,FALSE,"Pierson, L.A. (2017). catinfo.org"
CANIDAE,Yellowfin Tuna,38.0,52.0,10.0,223.0,76.0,3.0,FALSE,FALSE,"Pierson, L.A. (2017). catinfo.org"
CANIDAE,Salmon,35.0,59.0,6.0,254.0,81.0,3.0,FALSE,FALSE,"Pierson, L.A. (2017). catinfo.org"
CANIDAE,Chicken,28.0,69.0,4.0,262.0,106.0,5.5,FALSE,FALSE,"Pierson, L.A. (2017). catinfo.org"
CANIDAE,Turkey,29.0,67.0,4.0,368.0,83.0,5.5,FALSE,FALSE,"Pierson, L.A. (2017). catinfo.org"
CANIDAE,Duck,28.0,70.0,3.0,242.0,75.0,5.5,FALSE,FALSE,"Pierson, L.A. (2017). catinfo.org"
CANIDAE,Salmon,37.0,63.0,1.0,243.0,95.0,5.5,FALSE,FALSE,"Pierson, L.A. (2017). catinfo.org"
CANIDAE,Seafood,37.0,58.0,5.0,369.0,77.0,5.5,FALSE,FALSE,"Pierson, L.A. (2017). catinfo.org"
CANIDAE,Trout,29.0,68.0,3.0,314.0,79.0,5.5,FALSE,FALSE,"Pierson, L.A. (2017). catinfo.org"
CANIDAE,Wingin’ it Chicken & Turkey,39.0,51.0,10.0,315.0,75.0,5.5,FALSE,FALSE,"Pierson, L.A. (2017). catinfo.org"
CANIDAE,Big Catch Tuna & Sardine,50.0,42.0,8.0,358.0,80.0,5.5,FALSE,FALSE,"Pierson, L.A. (2017). catinfo.org"
SOUL,Adult Formula,31.0,62.0,7.0,218.0,194.0,5.5,FALSE,FALSE,"Pierson, L.A. (2017). catinfo.org"
SOUL,Chicken & Duck,37.0,62.0,1.0,387.0,190.0,5.5,FALSE,FALSE,"Pierson, L.A. (2017). catinfo.org"
SOUL,Kitten,36.0,58.0,6.0,298.0,208.0,5.5,FALSE,FALSE,"Pierson, L.A. (2017). catinfo.org"
SOUL,Weight & Mature Care,41.0,51.0,8.0,245.0,146.0,5.5,FALSE,FALSE,"Pierson, L.A. (2017). catinfo.org"
SOUL,Salmon Limited Ingredient,46.0,52.0,2.0,481.0,167.0,5.5,FALSE,FALSE,"Pierson, L.A. (2017). catinfo.org"
SOUL,Chicken,33.0,64.0,3.0,286.0,186.0,5.5,FALSE,FALSE,"Pierson, L.A. (2017). catinfo.org"
SOUL,Turkey,33.0,64.0,3.0,288.0,183.0,5.5,FALSE,FALSE,"Pierson, L.A. (2017). catinfo.org"
SOUL,Turkey & Giblets,29.0,68.0,4.0,216.0,195.0,5.5,FALSE,FALSE,"Pierson, L.A. (2017). catinfo.org"
SOUL,Beef & Chicken Dinner,29.0,68.0,4.0,182.0,195.0,5.5,FALSE,FALSE,"Pierson, L.A. (2017). catinfo.org"
SOUL,Chicken & Whitefish,28.0,69.0,4.0,209.0,197.0,5.5,FALSE,FALSE,"Pierson, L.A. (2017). catinfo.org"
SOUL,Chicken & Vegetable,33.0,52.0,16.0,300.0,171.0,5.5,FALSE,FALSE,"Pierson, L.A. (2017). catinfo.org"
SOUL,Salmon & Vegetable,29.0,58.0,13.0,381.0,171.0,5.5,FALSE,FALSE,"Pierson, L.A. (2017). catinfo.org"
DRS. FOSTER & SMITH,Trout & Brown Rice,30.0,59.0,11.0,242.0,190.0,5.5,FALSE,FALSE,"Pierson, L.A. (2017). catinfo.org"
DRS. FOSTER & SMITH,Chicken,29.0,64.0,8.0,204.0,208.0,5.5,FALSE,FALSE,"Pierson, L.A. (2017). catinfo.org"
DRS. FOSTER & SMITH,Turkey,34.0,57.0,10.0,250.0,179.0,5.5,FALSE,FALSE,"Pierson, L.A. (2017). catinfo.org"
DRS. FOSTER & SMITH,Chicken & Fish,36.0,45.0,19.0,254.0,201.0,5.5,FALSE,FALSE,"Pierson, L.A. (2017). catinfo.org"
EARTHBORN,Chicken Catcciatori,54.0,27.0,20.0,240.0,,,FALSE,FALSE,"Pierson, L.A. (2017). catinfo.org"
EARTHBORN,Monterey Medley,66.0,23.0,10.0,275.0,,,FALSE,FALSE,"Pierson, L.A. (2017). catinfo.org"
EARTHBORN,Catalina Catch,70.0,29.0,1.0,291.0,,,FALSE,FALSE,"Pierson, L.A. (2017). catinfo.org"
EARTHBORN,Harbor Harvest,57.0,28.0,15.0,281.0,,,FALSE,FALSE,"Pierson, L.A. (2017). catinfo.org"
EARTHBORN,Chicken Jumble with Liver,38.0,39.0,23.0,236.0,147.0,5.5,FALSE,FALSE,"Pierson, L.A. (2017). catinfo.org"
EARTHBORN,Chicken Fricatssee,45.0,30.0,25.0,232.0,125.0,5.5,FALSE,FALSE,"Pierson, L.A. (2017). catinfo.org"
EARTHBORN,Ranch House Stew,36.0,46.0,18.0,331.0,138.0,5.5,FALSE,FALSE,"Pierson, L.A. (2017). catinfo.org"
EVO,Turkey in Gravy,29.0,69.0,2.0,300.0,208.0,5.5,FALSE,FALSE,"Pierson, L.A. (2017). catinfo.org"
EVO,Duck in Gravy,28.0,68.0,3.0,306.0,204.0,5.5,FALSE,FALSE,"Pierson, L.A. (2017). catinfo.org"
EVOLVE,Chicken,35.0,63.0,2.0,318.0,189.0,5.5,FALSE,FALSE,"Pierson, L.A. (2017). catinfo.org"
EVOLVE,Turkey,33.0,65.0,2.0,289.0,189.0,5.5,FALSE,FALSE,"Pierson, L.A. (2017). catinfo.org"
EVOLVE,Seafood,29.0,66.0,5.0,317.0,191.0,5.5,FALSE,FALSE,"Pierson, L.A. (2017). catinfo.org"
EVOLVE,Kitten,35.0,60.0,4.0,292.0,192.0,5.5,FALSE,FALSE,"Pierson, L.A. (2017). catinfo.org"
FANCY FEAST,Chicken Feast,40.0,57.0,3.0,430.0,91.0,5.5,FALSE,FALSE,"Pierson, L.A. (2017). catinfo.org"
FANCY FEAST,Tender Liver & Chicken Feast,43.0,55.0,2.0,478.0,89.0,5.5,FALSE,FALSE,"Pierson, L.A. (2017). catinfo.org"
FANCY FEAST,Turkey and Giblets Feast,39.0,58.0,2.0,355.0,96.0,5.5,FALSE,FALSE,"Pierson, L.A. (2017). catinfo.org"
FANCY FEAST,Chopped Grill Feast,41.0,56.0,3.0,498.0,91.0,5.5,FALSE,FALSE,"Pierson, L.A. (2017). catinfo.org"
FANCY FEAST,Tender Beef Feast,42.0,55.0,3.0,408.0,90.0,5.5,FALSE,FALSE,"Pierson, L.A. (2017). catinfo.org"
FANCY FEAST,Tender Beef & Liver Feast,38.0,60.0,2.0,380.0,95.0,5.5,FALSE,FALSE,"Pierson, L.A. (2017). catinfo.org"
FANCY FEAST,Tender Beef & Chicken Feast,38.0,59.0,3.0,415.0,95.0,5.5,FALSE,FALSE,"Pierson, L.A. (2017). catinfo.org"
FANCY FEAST,Seafood Feast,46.0,52.0,2.0,478.0,86.0,5.5,FALSE,FALSE,"Pierson, L.A. (2017). catinfo.org"
FANCY FEAST,Salmon & Shrimp Feast,43.0,56.0,1.0,456.0,87.0,5.5,FALSE,FALSE,"Pierson, L.A. (2017). catinfo.org"
FANCY FEAST,Savory Salmon Feast,27.0,72.0,1.0,267.0,90.0,5.5,FALSE,FALSE,"Pierson, L.A. (2017). catinfo.org"
FANCY FEAST,"Cod, Sole & Shrimp Feast",48.0,50.0,1.0,474.0,84.0,5.5,FALSE,FALSE,"Pierson, L.A. (2017). catinfo.org"
FANCY FEAST,Roasted Chicken Feast,54.0,40.0,6.0,284.0,80.0,5.5,FALSE,FALSE,"Pierson, L.A. (2017). catinfo.org"
FANCY FEAST,Roasted Turkey Feast,56.0,38.0,6.0,265.0,81.0,5.5,FALSE,FALSE,"Pierson, L.A. (2017). catinfo.org"
FANCY FEAST,Flaked Chicken & Tuna Feast,52.0,44.0,5.0,325.0,102.0,5.5,FALSE,FALSE,"Pierson, L.A. (2017). catinfo.org"
FANCY FEAST,Flaked Tuna Feast,52.0,43.0,5.0,291.0,103.0,5.5,FALSE,FALSE,"Pierson, L.A. (2017). catinfo.org"
FANCY FEAST,Flaked Trout Feast,48.0,48.0,4.0,285.0,107.0,5.5,FALSE,FALSE,"Pierson, L.A. (2017). catinfo.org"
FANCY FEAST,Chunky Chopped Grill Feast,42.0,53.0,4.0,466.0,91.0,5.5,FALSE,FALSE,"Pierson, L.A. (2017). catinfo.org"
FANCY FEAST,Chunky Chicken Feast,47.0,50.0,4.0,453.0,88.0,5.5,FALSE,FALSE,"Pierson, L.A. (2017). catinfo.org"
FANCY FEAST,Chunky Turkey Feast,46.0,49.0,5.0,477.0,87.0,5.5,FALSE,FALSE,"Pierson, L.A. (2017). catinfo.org"
FANCY FEAST,Grilled Turkey Feast in Gravy,56.0,31.0,13.0,271.0,71.0,5.5,FALSE,FALSE,"Pierson, L.A. (2017). catinfo.org"
FANCY FEAST,Grilled Beef in Gravy,55.0,32.0,12.0,289.0,72.0,5.5,FALSE,FALSE,"Pierson, L.A. (2017). catinfo.org"
FANCY FEAST,Grilled Salmon in Gravy,56.0,31.0,13.0,266.0,71.0,5.5,FALSE,FALSE,"Pierson, L.A. (2017). catinfo.org"
FANCY FEAST,Grilled Seafood in Gravy,56.0,32.0,12.0,289.0,71.0,5.5,FALSE,FALSE,"Pierson, L.A. (2017). catinfo.org"
FANCY FEAST,Grilled Tuna in Gravy,58.0,28.0,14.0,282.0,68.0,5.5,FALSE,FALSE,"Pierson, L.A. (2017). catinfo.org"
FANCY FEAST,Sliced Chicken in Gravy,50.0,38.0,12.0,270.0,81.0,5.5,FALSE,FALSE,"Pierson, L.A. (2017). catinfo.org"
FANCY FEAST,Sliced Turkey in Gravy,51.0,37.0,13.0,275.0,80.0,5.5,FALSE,FALSE,"Pierson, L.A. (2017). catinfo.org"
FANCY FEAST,Sliced Beef in Gravy,48.0,38.0,14.0,265.0,81.0,5.5,FALSE,FALSE,"Pierson, L.A. (2017). catinfo.org"
FANCY FEAST,Florentine in a Delicate,56.0,31.0,13.0,402.0,71.0,5.5,FALSE,FALSE,"Pierson, L.A. (2017). catinfo.org"
FANCY FEAST,Wild Salmon Primavera Pate,42.0,54.0,4.0,419.0,89.0,5.5,FALSE,FALSE,"Pierson, L.A. (2017). catinfo.org"
FANCY FEAST,Shredded Turkey Fare,54.0,30.0,16.0,282.0,86.0,5.5,FALSE,FALSE,"Pierson, L.A. (2017). catinfo.org"
FANCY FEAST,Shredded Wild Salmon Fare,56.0,33.0,11.0,260.0,81.0,5.5,FALSE,FALSE,"Pierson, L.A. (2017). catinfo.org"
FANCY FEAST,Shredded Tuna Fare,63.0,23.0,14.0,279.0,86.0,5.5,FALSE,FALSE,"Pierson, L.A. (2017). catinfo.org"
FANCY FEAST,Kitten Tender Turkey Feast,39.0,57.0,3.0,395.0,92.0,5.5,FALSE,FALSE,"Pierson, L.A. (2017). catinfo.org"
FIRST MATE,Chicken,43.0,38.0,19.0,342.0,140.0,5.5,FALSE,FALSE,"Pierson, L.A. (2017). catinfo.org"
FIRST MATE,Turkey,43.0,38.0,20.0,243.0,141.0,5.5,FALSE,FALSE,"Pierson, L.A. (2017). catinfo.org"
FIRST MATE,Salmon,54.0,33.0,14.0,281.0,122.0,5.5,FALSE,FALSE,"Pierson, L.A. (2017). catinfo.org"
FIRST MATE,Tuna,37.0,54.0,10.0,277.0,148.0,5.5,FALSE,FALSE,"Pierson, L.A. (2017). catinfo.org"
FIRST MATE,Chicken & Tuna,38.0,46.0,17.0,212.0,146.0,5.5,FALSE,FALSE,"Pierson, L.A. (2017). catinfo.org"
FIRST MATE,Turkey & Tuna,38.0,46.0,17.0,212.0,146.0,5.5,FALSE,FALSE,"Pierson, L.A. (2017). catinfo.org"
FIRST MATE,Salmon & Tuna,41.0,45.0,13.0,212.0,146.0,5.5,FALSE,FALSE,"Pierson, L.A. (2017). catinfo.org"
FIRST MATE,Adult Chicken Formula,31.0,62.0,7.0,288.0,177.0,5.5,FALSE,FALSE,"Pierson, L.A. (2017). catinfo.org"
FIRST MATE,Chicken/Beef,33.0,59.0,8.0,278.0,174.0,5.5,FALSE,FALSE,"Pierson, L.A. (2017). catinfo.org"
FIRST MATE,Grain-Free Chicken/Whitefish,30.0,70.0,0.0,287.0,,,FALSE,FALSE,"Pierson, L.A. (2017). catinfo.org"
FIRST MATE,Grain-Free Turkey/Giblets,29.0,70.0,1.0,274.0,,,FALSE,FALSE,"Pierson, L.A. (2017). catinfo.org"
FIRST MATE,Turkey/Salmon,31.0,62.0,7.0,273.0,173.0,5.5,FALSE,FALSE,"Pierson, L.A. (2017). catinfo.org"
FIRST MATE,Grain-Free Salmon in Gravy,36.0,57.0,7.0,278.0,141.0,5.5,FALSE,FALSE,"Pierson, L.A. (2017). catinfo.org"
FRESHPET,Select Chicken & Beef Roll,34.0,56.0,10.0,295.0,136.0,4.0,FALSE,FALSE,"Pierson, L.A. (2017). catinfo.org"
FRESHPET,Ocean Whitefish w/,37.0,55.0,8.0,292.0,,,FALSE,FALSE,"Pierson, L.A. (2017). catinfo.org"
FRESHPET,Beef w/Vegetables in Gravy,36.0,58.0,6.0,286.0,,,FALSE,FALSE,"Pierson, L.A. (2017). catinfo.org"
FRESHPET,Pumpkin w/Vegetables in,37.0,54.0,9.0,305.0,,,FALSE,FALSE,"Pierson, L.A. (2017). catinfo.org"
FRESHPET,Ocean Whitefish w/Carrots &,36.0,55.0,8.0,286.0,,,FALSE,FALSE,"Pierson, L.A. (2017). catinfo.org"
FRESHPET,"Whitefish w/carrots, eggs &",38.0,55.0,8.0,284.0,,,FALSE,FALSE,"Pierson, L.A. (2017). catinfo.org"
FRISKIES,Turkey & Giblets,37.0,59.0,5.0,335.0,177.0,5.5,FALSE,FALSE,"Pierson, L.A. (2017). catinfo.org"
FRISKIES,Poultry Platter,35.0,61.0,4.0,307.0,189.0,5.5,FALSE,FALSE,"Pierson, L.A. (2017). catinfo.org"
FRISKIES,Liver & Chicken,35.0,60.0,5.0,331.0,179.0,5.5,FALSE,FALSE,"Pierson, L.A. (2017). catinfo.org"
FRISKIES,Mixed Grill,35.0,60.0,5.0,320.0,180.0,5.5,FALSE,FALSE,"Pierson, L.A. (2017). catinfo.org"
FRISKIES,Country Style,37.0,58.0,5.0,355.0,179.0,5.5,FALSE,FALSE,"Pierson, L.A. (2017). catinfo.org"
FRISKIES,Supreme Supper,36.0,59.0,5.0,371.0,173.0,5.5,FALSE,FALSE,"Pierson, L.A. (2017). catinfo.org"
FRISKIES,Mariner’s Catch,38.0,56.0,6.0,361.0,174.0,5.5,FALSE,FALSE,"Pierson, L.A. (2017). catinfo.org"
FRISKIES,Sea Captain’s Choice,40.0,54.0,6.0,414.0,165.0,5.5,FALSE,FALSE,"Pierson, L.A. (2017). catinfo.org"
FRISKIES,Salmon,37.0,60.0,3.0,343.0,185.0,5.5,FALSE,FALSE,"Pierson, L.A. (2017). catinfo.org"
FRISKIES,Ocean Whitefish & Tuna,40.0,56.0,4.0,373.0,177.0,5.5,FALSE,FALSE,"Pierson, L.A. (2017). catinfo.org"
FRISKIES,Classic Seafood,38.0,57.0,5.0,329.0,177.0,5.5,FALSE,FALSE,"Pierson, L.A. (2017). catinfo.org"
FRISKIES,With Beef in Gravy,50.0,36.0,14.0,320.0,134.0,5.5,FALSE,FALSE,"Pierson, L.A. (2017). catinfo.org"
FRISKIES,With Chicken in Gravy,51.0,36.0,13.0,305.0,133.0,5.5,FALSE,FALSE,"Pierson, L.A. (2017). catinfo.org"
FRISKIES,With Salmon in Sauce,50.0,38.0,12.0,278.0,136.0,5.5,FALSE,FALSE,"Pierson, L.A. (2017). catinfo.org"
FRISKIES,Turkey Dinner in Gravy,52.0,34.0,14.0,321.0,133.0,5.5,FALSE,FALSE,"Pierson, L.A. (2017). catinfo.org"
FRISKIES,With Beef in Gravy,50.0,35.0,15.0,325.0,134.0,5.5,FALSE,FALSE,"Pierson, L.A. (2017). catinfo.org"
FRISKIES,With Chicken in Gravy,52.0,34.0,14.0,274.0,134.0,5.5,FALSE,FALSE,"Pierson, L.A. (2017). catinfo.org"
FRISKIES,With Salmon & Beef in Sauce,50.0,35.0,15.0,275.0,134.0,5.5,FALSE,FALSE,"Pierson, L.A. (2017). catinfo.org"
FRISKIES,Chicken Dinner in Gravy,48.0,39.0,14.0,244.0,154.0,5.5,FALSE,FALSE,"Pierson, L.A. (2017). catinfo.org"
FRISKIES,Turkey Dinner in Gravy,48.0,38.0,14.0,258.0,153.0,5.5,FALSE,FALSE,"Pierson, L.A. (2017). catinfo.org"
FRISKIES,Ocean Fish in Sauce,49.0,37.0,14.0,238.0,152.0,5.5,FALSE,FALSE,"Pierson, L.A. (2017). catinfo.org"
FRISKIES,Chicken Dinner in Gravy,48.0,40.0,13.0,261.0,152.0,5.5,FALSE,FALSE,"Pierson, L.A. (2017). catinfo.org"
FRISKIES,Gourmet Grill in Gravy,47.0,39.0,13.0,262.0,151.0,5.5,FALSE,FALSE,"Pierson, L.A. (2017). catinfo.org"
FRISKIES,With Beef in Gravy,49.0,37.0,14.0,260.0,148.0,5.5,FALSE,FALSE,"Pierson, L.A. (2017). catinfo.org"
FRISKIES,With Beef in Creamy Sauce,49.0,38.0,13.0,263.0,156.0,5.5,FALSE,FALSE,"Pierson, L.A. (2017). catinfo.org"
FRISKIES,With Beef in Garden Sauce,48.0,38.0,14.0,260.0,156.0,5.5,FALSE,FALSE,"Pierson, L.A. (2017). catinfo.org"
FRISKIES,Casserol w/Garden Greens in,43.0,32.0,25.0,249.0,144.0,5.5,FALSE,FALSE,"Pierson, L.A. (2017). catinfo.org"
FRISKIES,Dinner w/Garden Greens in,46.0,27.0,27.0,290.0,135.0,5.5,FALSE,FALSE,"Pierson, L.A. (2017). catinfo.org"
FRISKIES,With Beef & Chicken in Gravy,69.0,10.0,20.0,428.0,137.0,5.5,FALSE,FALSE,"Pierson, L.A. (2017). catinfo.org"
FRISKIES,With Chicken in Gravy,52.0,34.0,14.0,266.0,140.0,5.5,FALSE,FALSE,"Pierson, L.A. (2017). catinfo.org"
FRISKIES,With Salmon in Gravy,55.0,30.0,15.0,301.0,129.0,5.5,FALSE,FALSE,"Pierson, L.A. (2017). catinfo.org"
FRISKIES,With Tuna in Gravy,53.0,33.0,14.0,268.0,136.0,5.5,FALSE,FALSE,"Pierson, L.A. (2017). catinfo.org"
FRISKIES,With Tuna,51.0,45.0,4.0,301.0,172.0,5.5,FALSE,FALSE,"Pierson, L.A. (2017). catinfo.org"
FRISKIES,With Tuna & Egg,49.0,45.0,6.0,263.0,175.0,5.5,FALSE,FALSE,"Pierson, L.A. (2017). catinfo.org"
FROMM,Chicken & Duck,33.0,66.0,1.0,251.0,169.0,5.5,FALSE,FALSE,"Pierson, L.A. (2017). catinfo.org"
FROMM,Turkey,33.0,55.0,12.0,236.0,163.0,5.5,FALSE,FALSE,"Pierson, L.A. (2017). catinfo.org"
FROMM,Beef,46.0,44.0,10.0,250.0,139.0,5.5,FALSE,FALSE,"Pierson, L.A. (2017). catinfo.org"
FROMM,Chicken & Salmon,31.0,67.0,3.0,292.0,167.0,5.5,FALSE,FALSE,"Pierson, L.A. (2017). catinfo.org"
FROMM,"Chicken, Duck & Salmon",31.0,65.0,4.0,268.0,168.0,5.5,FALSE,FALSE,"Pierson, L.A. (2017). catinfo.org"
FROMM,Salmon & Tuna,35.0,63.0,3.0,293.0,166.0,5.5,FALSE,FALSE,"Pierson, L.A. (2017). catinfo.org"
FUSSIE CAT,Tuna,76.0,21.0,3.0,326.0,52.0,5.5,FALSE,FALSE,"Pierson, L.A. (2017). catinfo.org"
FUSSIE CAT,Tuna with Anchovies,74.0,25.0,0.0,318.0,49.0,5.5,FALSE,FALSE,"Pierson, L.A. (2017). catinfo.org"
FUSSIE CAT,Tuna with Chicken,75.0,25.0,0.0,307.0,49.0,5.5,FALSE,FALSE,"Pierson, L.A. (2017). catinfo.org"
FUSSIE CAT,Tuna with Chicken Liver,69.0,25.0,5.0,318.0,49.0,5.5,FALSE,FALSE,"Pierson, L.A. (2017). catinfo.org"
FUSSIE CAT,Tuna with Clams,72.0,27.0,1.0,303.0,49.0,5.5,FALSE,FALSE,"Pierson, L.A. (2017). catinfo.org"
FUSSIE CAT,Tuna with Mussels,72.0,27.0,1.0,300.0,49.0,5.5,FALSE,FALSE,"Pierson, L.A. (2017). catinfo.org"
FUSSIE CAT,Tuna with Ocean Fish,71.0,25.0,4.0,313.0,49.0,5.5,FALSE,FALSE,"Pierson, L.A. (2017). catinfo.org"
FUSSIE CAT,Tuna with Prawns,73.0,26.0,1.0,313.0,49.0,5.5,FALSE,FALSE,"Pierson, L.A. (2017). catinfo.org"
FUSSIE CAT,Tuna with Salmon,73.0,27.0,0.0,307.0,49.0,5.5,FALSE,FALSE,"Pierson, L.A. (2017). catinfo.org"
FUSSIE CAT,Tuna with Shrimp,74.0,26.0,1.0,309.0,49.0,5.5,FALSE,FALSE,"Pierson, L.A. (2017). catinfo.org"
FUSSIE CAT,Tuna with Smoked Tuna,75.0,22.0,4.0,290.0,52.0,5.5,FALSE,FALSE,"Pierson, L.A. (2017). catinfo.org"
FUSSIE CAT,Tuna with Threadfin Bream,71.0,21.0,8.0,295.0,52.0,5.5,FALSE,FALSE,"Pierson, L.A. (2017). catinfo.org"
FUSSIE CAT,Chicken in Gravy,63.0,20.0,17.0,191.0,48.0,5.5,FALSE,FALSE,"Pierson, L.A. (2017). catinfo.org"
FUSSIE CAT,Chicken with Duck,57.0,28.0,15.0,188.0,48.0,5.5,FALSE,FALSE,"Pierson, L.A. (2017). catinfo.org"
FUSSIE CAT,Chicken with Egg,61.0,24.0,15.0,191.0,48.0,5.5,FALSE,FALSE,"Pierson, L.A. (2017). catinfo.org"
FUSSIE CAT,Chicken with Sweet Potato,47.0,18.0,35.0,173.0,48.0,5.5,FALSE,FALSE,"Pierson, L.A. (2017). catinfo.org"
FUSSIE CAT,Chicken & Vegetables,63.0,18.0,19.0,185.0,48.0,5.5,FALSE,FALSE,"Pierson, L.A. (2017). catinfo.org"
FUSSIE CAT,Grain Free Duck Pate,36.0,57.0,7.0,324.0,206.0,5.5,FALSE,FALSE,"Pierson, L.A. (2017). catinfo.org"
FUSSIE CAT,Turkey Pate,35.0,57.0,8.0,274.0,188.0,5.5,FALSE,FALSE,"Pierson, L.A. (2017). catinfo.org"
FUSSIE CAT,Chicken Stew,35.0,47.0,18.0,371.0,142.0,5.5,FALSE,FALSE,"Pierson, L.A. (2017). catinfo.org"
FUSSIE CAT,Salmon Pate,40.0,50.0,10.0,350.0,165.0,5.5,FALSE,FALSE,"Pierson, L.A. (2017). catinfo.org"
HALO,Rabbit,43.0,50.0,7.0,210.0,177.0,5.5,FALSE,FALSE,"Pierson, L.A. (2017). catinfo.org"
HALO,Quail,37.0,56.0,7.0,393.0,161.0,5.5,FALSE,FALSE,"Pierson, L.A. (2017). catinfo.org"
HALO,Chicken,32.0,55.0,13.0,201.0,131.0,5.5,FALSE,FALSE,"Pierson, L.A. (2017). catinfo.org"
HALO,Turkey,31.0,59.0,10.0,215.0,147.0,5.5,FALSE,FALSE,"Pierson, L.A. (2017). catinfo.org"
HALO,Lamb,34.0,53.0,12.0,245.0,133.0,5.5,FALSE,FALSE,"Pierson, L.A. (2017). catinfo.org"
HALO,Chicken & Beef,33.0,55.0,11.0,303.0,150.0,5.5,FALSE,FALSE,"Pierson, L.A. (2017). catinfo.org"
HALO,"Chicken, Shrimp & Crab",36.0,52.0,12.0,234.0,144.0,5.5,FALSE,FALSE,"Pierson, L.A. (2017). catinfo.org"
HALO,Salmon,26.0,64.0,9.0,227.0,142.0,5.5,FALSE,FALSE,"Pierson, L.A. (2017). catinfo.org"
HALO,Chicken,34.0,62.0,4.0,291.0,190.0,5.5,FALSE,FALSE,"Pierson, L.A. (2017). catinfo.org"
HALO,Turkey & Duck,36.0,59.0,5.0,201.0,186.0,5.5,FALSE,FALSE,"Pierson, L.A. (2017). catinfo.org"
HALO,Salmon,33.0,66.0,1.0,319.0,209.0,5.5,FALSE,FALSE,"Pierson, L.A. (2017). catinfo.org"
HALO,Whitefish,45.0,53.0,2.0,257.0,176.0,5.5,FALSE,FALSE,"Pierson, L.A. (2017). catinfo.org"
HALO,Turkey - Shredded,25.0,65.0,10.0,179.0,192.0,5.5,FALSE,FALSE,"Pierson, L.A. (2017). catinfo.org"
HALO,Chicken - Shredded,25.0,66.0,9.0,155.0,172.0,5.5,FALSE,FALSE,"Pierson, L.A. (2017). catinfo.org"
HALO,Chicken & Trout,29.0,64.0,7.0,221.0,183.0,5.5,FALSE,FALSE,"Pierson, L.A. (2017). catinfo.org"
HALO,Turkey & Quail,32.0,58.0,9.0,329.0,184.0,5.5,FALSE,FALSE,"Pierson, L.A. (2017). catinfo.org"
HALO,Salmon & Venison,32.0,58.0,10.0,229.0,185.0,5.5,FALSE,FALSE,"Pierson, L.A. (2017). catinfo.org"
HALO,Poached Trout,26.5,50.5,23.0,144.0,,,FALSE,FALSE,"Pierson, L.A. (2017). catinfo.org"
HI-TOR,Felo,37.0,59.0,4.0,237.0,170.0,5.5,FALSE,FALSE,"Pierson, L.A. (2017). catinfo.org"
HI-TOR,Neo,26.0,69.0,4.0,198.0,205.0,5.5,FALSE,FALSE,"Pierson, L.A. (2017). catinfo.org"
HOLISTIC SELECT,Chicken,32.0,66.0,2.0,221.0,201.0,5.5,FALSE,FALSE,"Pierson, L.A. (2017). catinfo.org"
HOLISTIC SELECT,Turkey,34.0,64.0,2.0,243.0,198.0,5.5,FALSE,FALSE,"Pierson, L.A. (2017). catinfo.org"
HOLISTIC SELECT,Chicken Liver & Lamb,31.0,66.0,4.0,258.0,204.0,5.5,FALSE,FALSE,"Pierson, L.A. (2017). catinfo.org"
HOLISTIC SELECT,Turkey & Salmon,34.0,61.0,5.0,277.0,190.0,5.5,FALSE,FALSE,"Pierson, L.A. (2017). catinfo.org"
HOLISTIC SELECT,"Chicken, Whitefish, Herring",37.0,60.0,3.0,282.0,182.0,5.5,FALSE,FALSE,"Pierson, L.A. (2017). catinfo.org"
HOLISTIC SELECT,Salmon & Shrimp,34.0,61.0,6.0,311.0,192.0,5.5,FALSE,FALSE,"Pierson, L.A. (2017). catinfo.org"
HOLISTIC SELECT,Ocean Fish & Tuna,35.0,61.0,4.0,262.0,186.0,5.5,FALSE,FALSE,"Pierson, L.A. (2017). catinfo.org"
HOUNDS & GATOS,Chicken,30.0,70.0,1.0,237.0,202.0,5.5,FALSE,FALSE,"Pierson, L.A. (2017). catinfo.org"
HOUNDS & GATOS,Turkey,31.0,65.0,4.0,364.0,190.0,5.5,FALSE,FALSE,"Pierson, L.A. (2017). catinfo.org"
HOUNDS & GATOS,Gamebird,34.0,65.0,1.0,334.0,190.0,5.5,FALSE,FALSE,"Pierson, L.A. (2017). catinfo.org"
HOUNDS & GATOS,Duck,29.0,69.0,1.0,346.0,203.0,5.5,FALSE,FALSE,"Pierson, L.A. (2017). catinfo.org"
HOUNDS & GATOS,Rabbit,37.0,58.0,5.0,408.0,183.0,5.5,FALSE,FALSE,"Pierson, L.A. (2017). catinfo.org"
HOUNDS & GATOS,Lamb,38.0,61.0,1.0,246.0,187.0,5.5,FALSE,FALSE,"Pierson, L.A. (2017). catinfo.org"
HOUNDS & GATOS,Beef,31.0,61.0,8.0,246.0,195.0,5.5,FALSE,FALSE,"Pierson, L.A. (2017). catinfo.org"
HOUNDS & GATOS,Red Meat,31.0,56.0,12.0,245.0,184.0,5.5,FALSE,FALSE,"Pierson, L.A. (2017). catinfo.org"
HOUNDS & GATOS,Pork,39.0,61.0,0.0,228.0,187.0,5.5,FALSE,FALSE,"Pierson, L.A. (2017). catinfo.org"
HOUNDS & GATOS,"Lamb, Chicken & Salmon",32.0,67.0,1.0,254.0,200.0,5.5,FALSE,FALSE,"Pierson, L.A. (2017). catinfo.org"
HOUNDS & GATOS,Trout,36.0,63.0,1.0,392.0,181.0,5.5,FALSE,FALSE,"Pierson, L.A. (2017). catinfo.org"
HOUNDS & GATOS,White Meat Chicken Breast,43.0,49.0,8.0,173.0,75.0,5.5,FALSE,FALSE,"Pierson, L.A. (2017). catinfo.org"
HOUNDS & GATOS,Filets with Chicken in Gravy,36.0,54.0,9.0,325.0,90.0,5.5,FALSE,FALSE,"Pierson, L.A. (2017). catinfo.org"
HOUNDS & GATOS,Filets with Tuna in Sauce,37.0,53.0,10.0,322.0,89.0,5.5,FALSE,FALSE,"Pierson, L.A. (2017). catinfo.org"
HOUNDS & GATOS,Filets with Salmon in Sauce,36.0,55.0,9.0,326.0,91.0,5.5,FALSE,FALSE,"Pierson, L.A. (2017). catinfo.org"
HOUNDS & GATOS,Pate with Chicken & Liver,37.0,56.0,7.0,246.0,97.0,5.5,FALSE,FALSE,"Pierson, L.A. (2017). catinfo.org"
HOUNDS & GATOS,Pate with Savory Salmon,38.0,55.0,7.0,270.0,94.0,5.5,FALSE,FALSE,"Pierson, L.A. (2017). catinfo.org"
HOUNDS & GATOS,Pate with Seafood Sampler,38.0,55.0,7.0,279.0,94.0,5.5,FALSE,FALSE,"Pierson, L.A. (2017). catinfo.org"
HOUNDS & GATOS,Premium Pate Lamb & Rice,35.0,53.0,12.0,238.0,103.0,5.5,FALSE,FALSE,"Pierson, L.A. (2017). catinfo.org"
HOUNDS & GATOS,Premium Pate Tender Beef,37.0,56.0,7.0,245.0,97.0,5.5,FALSE,FALSE,"Pierson, L.A. (2017). catinfo.org"
HOUNDS & GATOS,Premium Pate Kitten,41.0,53.0,6.0,299.0,102.0,5.5,FALSE,FALSE,"Pierson, L.A. (2017). catinfo.org"
HOUNDS & GATOS,Chicken-dulgence,32.0,55.0,12.0,211.0,100.0,5.5,FALSE,FALSE,"Pierson, L.A. (2017). catinfo.org"
HOUNDS & GATOS,Turkey-lation,38.0,48.0,14.0,169.0,94.0,5.5,FALSE,FALSE,"Pierson, L.A. (2017). catinfo.org"
HOUNDS & GATOS,Tuna-Topia Dinner,48.0,34.0,19.0,194.0,85.0,5.5,FALSE,FALSE,"Pierson, L.A. (2017). catinfo.org"
HOUNDS & GATOS,Tuna-Turkey Tango,29.0,55.0,15.0,254.0,99.0,5.5,FALSE,FALSE,"Pierson, L.A. (2017). catinfo.org"
HOUNDS & GATOS,Tempt Me Tuna & Mackerel,44.0,42.0,14.0,189.0,85.0,5.5,FALSE,FALSE,"Pierson, L.A. (2017). catinfo.org"
HOUNDS & GATOS,Dive In Ocean Fish,34.0,47.0,19.0,438.0,75.0,5.5,FALSE,FALSE,"Pierson, L.A. (2017). catinfo.org"
HOUNDS & GATOS,Packed with Sardines,45.0,41.0,14.0,179.0,85.0,5.5,FALSE,FALSE,"Pierson, L.A. (2017). catinfo.org"
HOUNDS & GATOS,Salmon-dipity,31.0,58.0,11.0,302.0,115.0,5.5,FALSE,FALSE,"Pierson, L.A. (2017). catinfo.org"
HOUNDS & GATOS,Sea You Soon Tuna,37.0,48.0,15.0,360.0,86.0,5.5,FALSE,FALSE,"Pierson, L.A. (2017). catinfo.org"
HOUNDS & GATOS,Chicken Me Out,32.0,66.0,2.0,313.0,117.0,5.5,FALSE,FALSE,"Pierson, L.A. (2017). catinfo.org"
HOUNDS & GATOS,Chicky-Da-lish Stew,42.0,45.0,13.0,411.0,96.0,5.5,FALSE,FALSE,"Pierson, L.A. (2017). catinfo.org"
HOUNDS & GATOS,Purrky Turkey,34.0,60.0,5.0,349.0,100.0,5.5,FALSE,FALSE,"Pierson, L.A. (2017). catinfo.org"
HOUNDS & GATOS,Whascally Wabbit,40.0,57.0,3.0,395.0,89.0,5.5,FALSE,FALSE,"Pierson, L.A. (2017). catinfo.org"
HOUNDS & GATOS,Wholly Cow!,34.0,63.0,3.0,140.0,95.0,5.5,FALSE,FALSE,"Pierson, L.A. (2017). catinfo.org"
HOUNDS & GATOS,Savory Salmon,39.0,60.0,1.0,367.0,96.0,5.5,FALSE,FALSE,"Pierson, L.A. (2017). catinfo.org"
HOUNDS & GATOS,Salmon Chanted Evening,43.0,42.0,15.0,398.0,96.0,5.5,FALSE,FALSE,"Pierson, L.A. (2017). catinfo.org"
HOUNDS & GATOS,Tuna Fintastic,55.0,30.0,15.0,386.0,96.0,5.5,FALSE,FALSE,"Pierson, L.A. (2017). catinfo.org"
HOUNDS & GATOS,Oh My Cod!,42.0,56.0,2.0,433.0,88.0,5.5,FALSE,FALSE,"Pierson, L.A. (2017). catinfo.org"
KASIKS,Chicken,39.0,40.0,21.0,244.0,141.0,5.5,FALSE,FALSE,"Pierson, L.A. (2017). catinfo.org"
KASIKS,Turkey,37.0,45.0,17.0,235.0,146.0,5.5,FALSE,FALSE,"Pierson, L.A. (2017). catinfo.org"
KASIKS,Salmon,53.0,35.0,13.0,256.0,134.0,5.5,FALSE,FALSE,"Pierson, L.A. (2017). catinfo.org"
KOHA,Kangaroo,39.0,52.0,9.0,406.0,178.0,5.5,FALSE,FALSE,"Pierson, L.A. (2017). catinfo.org"
KOHA,Chicken,28.0,61.0,11.0,354.0,202.0,5.5,FALSE,FALSE,"Pierson, L.A. (2017). catinfo.org"
KOHA,Duck,33.0,65.0,2.0,239.0,188.0,5.5,FALSE,FALSE,"Pierson, L.A. (2017). catinfo.org"
KOHA,Guineafowl,29.0,68.0,4.0,221.0,204.0,5.5,FALSE,FALSE,"Pierson, L.A. (2017). catinfo.org"
KOHA,Turkey,30.0,62.0,8.0,195.0,200.0,5.5,FALSE,FALSE,"Pierson, L.A. (2017). catinfo.org"
KOHA,Venison,35.0,53.0,12.0,486.0,175.0,5.5,FALSE,FALSE,"Pierson, L.A. (2017). catinfo.org"
KOHA,Venison Stew,33.0,63.0,4.0,286.0,146.0,5.5,FALSE,FALSE,"Pierson, L.A. (2017). catinfo.org"
KOHA,Chicken Stew,34.0,56.0,10.0,296.0,147.0,5.5,FALSE,FALSE,"Pierson, L.A. (2017). catinfo.org"
KOHA,Duck Stew,36.0,51.0,12.0,647.0,139.0,5.5,FALSE,FALSE,"Pierson, L.A. (2017). catinfo.org"
KOHA,Guineafowl Stew,28.0,60.0,12.0,197.0,154.0,5.5,FALSE,FALSE,"Pierson, L.A. (2017). catinfo.org"
KOHA,Kangaroo Stew,39.0,40.0,22.0,408.0,132.0,5.5,FALSE,FALSE,"Pierson, L.A. (2017). catinfo.org"
KOHA,Turkey Stew,34.0,53.0,13.0,259.0,147.0,5.5,FALSE,FALSE,"Pierson, L.A. (2017). catinfo.org"
ROO,Chicken / Kangaroo,27.0,58.0,15.0,387.0,192.0,5.5,FALSE,FALSE,"Pierson, L.A. (2017). catinfo.org"
ROO,Turkey / Kangaroo,33.0,62.0,6.0,239.0,197.0,5.5,FALSE,FALSE,"Pierson, L.A. (2017). catinfo.org"
ROO,Duck / Kangaroo,30.0,58.0,11.0,467.0,186.0,5.5,FALSE,FALSE,"Pierson, L.A. (2017). catinfo.org"
ROO,Lamb / Kangaroo,28.0,63.0,9.0,271.0,192.0,5.5,FALSE,FALSE,"Pierson, L.A. (2017). catinfo.org"
LOTUS,Chicken & Vegetable,37.0,42.0,21.0,195.0,171.0,5.5,FALSE,FALSE,"Pierson, L.A. (2017). catinfo.org"
LOTUS,Turkey & Vegetable,30.0,49.0,21.0,150.0,171.0,5.5,FALSE,FALSE,"Pierson, L.A. (2017). catinfo.org"
LOTUS,Duck & Vegetable,30.0,51.0,18.0,231.0,181.0,5.5,FALSE,FALSE,"Pierson, L.A. (2017). catinfo.org"
LOTUS,Pork & Vegetable,30.0,52.0,18.0,231.0,194.0,5.5,FALSE,FALSE,"Pierson, L.A. (2017). catinfo.org"
LOTUS,Salmon & Vegetable,34.0,43.0,22.0,252.0,171.0,5.5,FALSE,FALSE,"Pierson, L.A. (2017). catinfo.org"
LOTUS,Chicken,59.0,29.0,12.0,231.0,151.0,5.5,FALSE,FALSE,"Pierson, L.A. (2017). catinfo.org"
LOTUS,Turkey,58.0,31.0,11.0,230.0,154.0,5.5,FALSE,FALSE,"Pierson, L.A. (2017). catinfo.org"
LOTUS,Pork,57.0,31.0,12.0,270.0,147.0,5.5,FALSE,FALSE,"Pierson, L.A. (2017). catinfo.org"
LOTUS,Venison,48.0,41.0,11.0,263.0,180.0,5.5,FALSE,FALSE,"Pierson, L.A. (2017). catinfo.org"
LOTUS,Salmon & Pollock,39.0,48.0,13.0,287.0,197.0,5.5,FALSE,FALSE,"Pierson, L.A. (2017). catinfo.org"
LOTUS,Pollock,37.0,47.0,17.0,360.0,110.0,5.5,FALSE,FALSE,"Pierson, L.A. (2017). catinfo.org"
LOTUS,Chicken & Liver,49.0,45.0,6.0,440.0,74.0,5.5,FALSE,FALSE,"Pierson, L.A. (2017). catinfo.org"
LOTUS,Tuna,59.0,35.0,7.0,388.0,70.0,5.5,FALSE,FALSE,"Pierson, L.A. (2017). catinfo.org"
LOTUS,Turkey & Liver,54.0,40.0,6.0,374.0,85.0,5.5,FALSE,FALSE,"Pierson, L.A. (2017). catinfo.org"
LOTUS,Salmon & Crab,68.0,29.0,3.0,298.0,57.0,5.5,FALSE,FALSE,"Pierson, L.A. (2017). catinfo.org"
LOTUS,Turkey & Giblets,57.0,30.0,13.0,327.0,60.0,5.5,FALSE,FALSE,"Pierson, L.A. (2017). catinfo.org"
LOTUS,Tuna & Shrimp,66.0,33.0,2.0,260.0,63.0,5.5,FALSE,FALSE,"Pierson, L.A. (2017). catinfo.org"
LOTUS,Salmon & Red Snapper,48.0,33.0,19.0,404.0,58.0,5.5,FALSE,FALSE,"Pierson, L.A. (2017). catinfo.org"
LOTUS,Chicken & Beef,55.0,35.0,10.0,255.0,60.0,5.5,FALSE,FALSE,"Pierson, L.A. (2017). catinfo.org"
LOTUS,Poultry Entree,53.0,33.0,15.0,415.0,55.0,5.5,FALSE,FALSE,"Pierson, L.A. (2017). catinfo.org"
LOTUS,Salmon,40.0,41.0,19.0,342.0,62.0,5.5,FALSE,FALSE,"Pierson, L.A. (2017). catinfo.org"
LOTUS,Turkey & Cheese,43.0,30.0,27.0,289.0,59.0,5.5,FALSE,FALSE,"Pierson, L.A. (2017). catinfo.org"
LOTUS,Tuna & Egg,46.0,37.0,17.0,250.0,62.0,5.5,FALSE,FALSE,"Pierson, L.A. (2017). catinfo.org"
LOTUS,Chicken & Liver,53.0,31.0,16.0,366.0,59.0,5.5,FALSE,FALSE,"Pierson, L.A. (2017). catinfo.org"
LOTUS,Beef,49.0,35.0,16.0,285.0,60.0,5.5,FALSE,FALSE,"Pierson, L.A. (2017). catinfo.org"
LOTUS,Chicken & Shrimp,57.0,30.0,13.0,327.0,60.0,5.5,FALSE,FALSE,"Pierson, L.A. (2017). catinfo.org"
LOTUS,Ocean Whitefish & Tuna,37.0,40.0,22.0,304.0,59.0,5.5,FALSE,FALSE,"Pierson, L.A. (2017). catinfo.org"
LOTUS,Salmon & Ocean Fish,42.0,38.0,20.0,371.0,59.0,5.5,FALSE,FALSE,"Pierson, L.A. (2017). catinfo.org"
LOTUS,Tuna & Crab,39.0,37.0,24.0,387.0,61.0,5.5,FALSE,FALSE,"Pierson, L.A. (2017). catinfo.org"
LOTUS,Tuna & Salmon,35.0,40.0,24.0,286.0,66.0,5.5,FALSE,FALSE,"Pierson, L.A. (2017). catinfo.org"
LOTUS,Seafood Entree,47.0,33.0,21.0,320.0,59.0,5.5,FALSE,FALSE,"Pierson, L.A. (2017). catinfo.org"
LOTUS,Chicken Breast,47.0,33.0,20.0,458.0,55.0,5.5,FALSE,FALSE,"Pierson, L.A. (2017). catinfo.org"
LOTUS,Chicken w/Shreds of Chicken,53.0,38.0,9.0,339.0,71.0,5.5,FALSE,FALSE,"Pierson, L.A. (2017). catinfo.org"
LOTUS,Whitefish w/Flakes of Salmon,54.0,38.0,8.0,368.0,71.0,5.5,FALSE,FALSE,"Pierson, L.A. (2017). catinfo.org"
LOTUS,Salmon w/Flakes of Tuna,56.0,36.0,8.0,343.0,72.0,5.5,FALSE,FALSE,"Pierson, L.A. (2017). catinfo.org"
LOTUS,Whitefish w/Flakes of Tuna,56.0,36.0,8.0,361.0,70.0,5.5,FALSE,FALSE,"Pierson, L.A. (2017). catinfo.org"
MERRICK,Turkey,46.0,50.0,4.0,556.0,175.0,5.5,FALSE,FALSE,"Pierson, L.A. (2017). catinfo.org"
MERRICK,Chicken,34.0,64.0,2.0,431.0,185.0,5.5,FALSE,FALSE,"Pierson, L.A. (2017). catinfo.org"
MERRICK,Duck,31.0,64.0,5.0,380.0,156.0,5.5,FALSE,FALSE,"Pierson, L.A. (2017). catinfo.org"
MERRICK,Beef,43.0,52.0,5.0,389.0,168.0,5.5,FALSE,FALSE,"Pierson, L.A. (2017). catinfo.org"
MERRICK,Tuna,37.0,60.0,3.0,418.0,164.0,5.5,FALSE,FALSE,"Pierson, L.A. (2017). catinfo.org"
MERRICK,Salmon,36.0,62.0,2.0,423.0,175.0,5.5,FALSE,FALSE,"Pierson, L.A. (2017). catinfo.org"
MERRICK,Chicken Casserole,42.0,46.0,11.0,427.0,141.0,5.5,FALSE,FALSE,"Pierson, L.A. (2017). catinfo.org"
MERRICK,Granny’s Pot Pie,30.0,64.0,6.0,252.0,170.0,5.5,FALSE,FALSE,"Pierson, L.A. (2017). catinfo.org"
MERRICK,Cowboy Cookout,45.0,37.0,18.0,327.0,155.0,5.5,FALSE,FALSE,"Pierson, L.A. (2017). catinfo.org"
MERRICK,Thanksgiving Day Dinner,30.0,64.0,6.0,252.0,170.0,5.5,FALSE,FALSE,"Pierson, L.A. (2017). catinfo.org"
MERRICK,Turducken,30.0,64.0,6.0,252.0,170.0,5.5,FALSE,FALSE,"Pierson, L.A. (2017). catinfo.org"
MERRICK,Surf & Turf,41.0,54.0,5.0,701.0,155.0,5.5,FALSE,FALSE,"Pierson, L.A. (2017). catinfo.org"
MERRICK,Beef Wellington,47.0,45.0,9.0,303.0,138.0,5.5,FALSE,FALSE,"Pierson, L.A. (2017). catinfo.org"
MERRICK,Chicken Divan,42.0,45.0,13.0,393.0,139.0,5.5,FALSE,FALSE,"Pierson, L.A. (2017). catinfo.org"
MERRICK,Tuna Nicoise,47.0,41.0,12.0,533.0,141.0,5.5,FALSE,FALSE,"Pierson, L.A. (2017). catinfo.org"
MERRICK,Chicken,30.0,65.0,4.0,388.0,131.0,5.5,FALSE,FALSE,"Pierson, L.A. (2017). catinfo.org"
MERRICK,Turkey,32.0,64.0,4.0,279.0,139.0,5.5,FALSE,FALSE,"Pierson, L.A. (2017). catinfo.org"
MERRICK,Duck,26.0,59.0,15.0,146.0,131.0,5.5,FALSE,FALSE,"Pierson, L.A. (2017). catinfo.org"
MERRICK,Salmon,28.0,68.0,4.0,220.0,131.0,5.5,FALSE,FALSE,"Pierson, L.A. (2017). catinfo.org"
MERRICK,Chicken,40.0,49.0,12.0,259.0,79.0,5.5,FALSE,FALSE,"Pierson, L.A. (2017). catinfo.org"
MERRICK,Turkey,39.0,50.0,11.0,212.0,84.0,5.5,FALSE,FALSE,"Pierson, L.A. (2017). catinfo.org"
MERRICK,Duck,38.0,49.0,12.0,211.0,85.0,5.5,FALSE,FALSE,"Pierson, L.A. (2017). catinfo.org"
MERRICK,Beef,40.0,48.0,11.0,238.0,80.0,5.5,FALSE,FALSE,"Pierson, L.A. (2017). catinfo.org"
MERRICK,Rabbit,43.0,45.0,12.0,255.0,80.0,5.5,FALSE,FALSE,"Pierson, L.A. (2017). catinfo.org"
MERRICK,Whitefish,42.0,44.0,14.0,255.0,77.0,5.5,FALSE,FALSE,"Pierson, L.A. (2017). catinfo.org"
NATURAL BALANCE,Chicken & Liver Pate,31.0,64.0,6.0,329.0,180.0,5.5,FALSE,FALSE,"Pierson, L.A. (2017). catinfo.org"
NATURAL BALANCE,Turkey & Giblets,34.0,57.0,9.0,282.0,170.0,5.5,FALSE,FALSE,"Pierson, L.A. (2017). catinfo.org"
NATURAL BALANCE,Ocean Fish,42.0,50.0,8.0,306.0,180.0,5.5,FALSE,FALSE,"Pierson, L.A. (2017). catinfo.org"
NATURAL BALANCE,Salmon,34.0,56.0,10.0,341.0,195.0,5.5,FALSE,FALSE,"Pierson, L.A. (2017). catinfo.org"
NATURAL BALANCE,Tuna w/Shrimp,41.0,45.0,14.0,288.0,173.0,5.5,FALSE,FALSE,"Pierson, L.A. (2017). catinfo.org"
NATURAL BALANCE,Catatouille,53.0,39.0,8.0,246.0,60.0,5.5,FALSE,FALSE,"Pierson, L.A. (2017). catinfo.org"
NATURAL BALANCE,Land n’ Sea,49.0,41.0,10.0,342.0,75.0,5.5,FALSE,FALSE,"Pierson, L.A. (2017). catinfo.org"
NATURAL BALANCE,Life’s a Beach,52.0,39.0,8.0,416.0,70.0,5.5,FALSE,FALSE,"Pierson, L.A. (2017). catinfo.org"
NATURAL BALANCE,O’ Fishally Scampi,51.0,40.0,9.0,223.0,60.0,5.5,FALSE,FALSE,"Pierson, L.A. (2017). catinfo.org"
NATURAL BALANCE,Purrfect Paella,51.0,40.0,9.0,282.0,60.0,5.5,FALSE,FALSE,"Pierson, L.A. (2017). catinfo.org"
NATURAL BALANCE,Sea Brulee,49.0,40.0,10.0,237.0,70.0,5.5,FALSE,FALSE,"Pierson, L.A. (2017). catinfo.org"
NATURAL BALANCE,LID Chicken & Pumpkin cups,68.0,29.0,3.0,245.0,67.0,5.5,FALSE,FALSE,"Pierson, L.A. (2017). catinfo.org"
NATURAL BALANCE,LID Tuna & Pumpkin cups,67.0,32.0,1.0,275.0,64.0,5.5,FALSE,FALSE,"Pierson, L.A. (2017). catinfo.org"
NATURAL BALANCE,Chicken & Green Pea,34.0,56.0,10.0,319.0,165.0,5.5,FALSE,FALSE,"Pierson, L.A. (2017). catinfo.org"
NATURAL BALANCE,Duck & Green Pea,31.0,58.0,11.0,384.0,190.0,5.5,FALSE,FALSE,"Pierson, L.A. (2017). catinfo.org"
NATURAL BALANCE,Salmon & Green Pea,37.0,51.0,12.0,323.0,230.0,5.5,FALSE,FALSE,"Pierson, L.A. (2017). catinfo.org"
NATURAL BALANCE,Venison & Green Pea,35.0,53.0,12.0,387.0,180.0,5.5,FALSE,FALSE,"Pierson, L.A. (2017). catinfo.org"
NATURAL BALANCE,Chicken,31.0,55.0,14.0,279.0,180.0,5.5,FALSE,FALSE,"Pierson, L.A. (2017). catinfo.org"
NATURAL BALANCE,Chicken & Giblets,34.0,50.0,17.0,302.0,70.0,5.5,FALSE,FALSE,"Pierson, L.A. (2017). catinfo.org"
NATURAL BALANCE,Chicken & Legume,33.0,46.0,21.0,279.0,80.0,5.5,FALSE,FALSE,"Pierson, L.A. (2017). catinfo.org"
NATURAL BALANCE,Chicken & Pumpken,33.0,51.0,16.0,263.0,80.0,5.5,FALSE,FALSE,"Pierson, L.A. (2017). catinfo.org"
NATURAL BALANCE,Chicken & Salmon,34.0,49.0,17.0,316.0,70.0,5.5,FALSE,FALSE,"Pierson, L.A. (2017). catinfo.org"
NATURAL BALANCE,"Turkey, Chicken & Duck",34.0,48.0,19.0,385.0,70.0,5.5,FALSE,FALSE,"Pierson, L.A. (2017). catinfo.org"
NATURAL BALANCE,"Cod, Chicken, Sole & Shrimp",38.0,42.0,20.0,369.0,70.0,5.5,FALSE,FALSE,"Pierson, L.A. (2017). catinfo.org"
NATURAL BALANCE,"Salmon, Tuna & Crab",37.0,46.0,17.0,306.0,80.0,5.5,FALSE,FALSE,"Pierson, L.A. (2017). catinfo.org"
NATURAL BALANCE,Tuna & Beef,37.0,48.0,15.0,287.0,80.0,5.5,FALSE,FALSE,"Pierson, L.A. (2017). catinfo.org"
NATURAL BALANCE,Chicken & Liver,34.0,46.0,20.0,286.0,70.0,5.5,FALSE,FALSE,"Pierson, L.A. (2017). catinfo.org"
NATURAL BALANCE,"Duck, Chicken & Pumpkin",35.0,49.0,16.0,297.0,80.0,5.5,FALSE,FALSE,"Pierson, L.A. (2017). catinfo.org"
NATURAL BALANCE,Turkey & Duck,35.0,47.0,18.0,295.0,80.0,5.5,FALSE,FALSE,"Pierson, L.A. (2017). catinfo.org"
NATURAL BALANCE,"Turkey, Salmon & Chicken",35.0,48.0,17.0,344.0,70.0,5.5,FALSE,FALSE,"Pierson, L.A. (2017). catinfo.org"
NATURAL BALANCE,Marckerel & Sardine,44.0,47.0,9.0,352.0,70.0,5.5,FALSE,FALSE,"Pierson, L.A. (2017). catinfo.org"
NATURAL BALANCE,Kitten - Chicken,30.0,63.0,7.0,305.0,220.0,5.5,FALSE,FALSE,"Pierson, L.A. (2017). catinfo.org"
NATURAL BALANCE,Chicken,28.0,64.0,8.0,284.0,238.0,5.5,FALSE,FALSE,"Pierson, L.A. (2017). catinfo.org"
NATURAL BALANCE,Venison,33.0,58.0,9.0,502.0,205.0,5.5,FALSE,FALSE,"Pierson, L.A. (2017). catinfo.org"
NATURAL BALANCE,Calamari,34.0,54.0,11.0,355.0,205.0,5.5,FALSE,FALSE,"Pierson, L.A. (2017). catinfo.org"
NATURAL BALANCE,Chicken,30.0,57.0,13.0,230.0,123.0,5.5,FALSE,FALSE,"Pierson, L.A. (2017). catinfo.org"
NATURAL BALANCE,Turkey,32.0,57.0,11.0,322.0,120.0,5.5,FALSE,FALSE,"Pierson, L.A. (2017). catinfo.org"
NATURAL BALANCE,Beef,32.0,56.0,11.0,335.0,120.0,5.5,FALSE,FALSE,"Pierson, L.A. (2017). catinfo.org"
NATURAL BALANCE,Salmon,30.0,59.0,11.0,363.0,125.0,5.5,FALSE,FALSE,"Pierson, L.A. (2017). catinfo.org"
NATURAL BALANCE,Trout,32.0,56.0,13.0,297.0,120.0,5.5,FALSE,FALSE,"Pierson, L.A. (2017). catinfo.org"
NATURAL BALANCE,Organic Chicken Dinner,31.0,64.0,5.0,250.0,182.0,5.5,FALSE,FALSE,"Pierson, L.A. (2017). catinfo.org"
NATURAL BALANCE,Organic Turkey Dinner,29.0,71.0,1.0,250.0,188.0,5.5,FALSE,FALSE,"Pierson, L.A. (2017). catinfo.org"
NATURAL BALANCE,Chicken,34.0,65.0,1.0,299.0,230.0,5.5,FALSE,FALSE,"Pierson, L.A. (2017). catinfo.org"
NATURAL BALANCE,Turkey,33.0,63.0,3.0,295.0,219.0,5.5,FALSE,FALSE,"Pierson, L.A. (2017). catinfo.org"
NATURAL BALANCE,Rabbit,42.0,55.0,4.0,317.0,212.0,5.5,FALSE,FALSE,"Pierson, L.A. (2017). catinfo.org"
NATURAL BALANCE,Beef,33.0,63.0,4.0,117.0,225.0,5.5,FALSE,FALSE,"Pierson, L.A. (2017). catinfo.org"
NATURAL BALANCE,Duck & Salmon,30.0,68.0,3.0,189.0,230.0,5.5,FALSE,FALSE,"Pierson, L.A. (2017). catinfo.org"
NATURAL BALANCE,Sardine,56.0,38.0,6.0,341.0,171.0,5.5,FALSE,FALSE,"Pierson, L.A. (2017). catinfo.org"
NATURAL BALANCE,Chicken,60.0,34.0,6.0,194.0,68.0,5.5,FALSE,FALSE,"Pierson, L.A. (2017). catinfo.org"
NATURAL BALANCE,Chicken & Salmon,59.0,35.0,5.0,198.0,71.0,5.5,FALSE,FALSE,"Pierson, L.A. (2017). catinfo.org"
NATURAL BALANCE,Chicken & Turkey,58.0,40.0,2.0,190.0,70.0,5.5,FALSE,FALSE,"Pierson, L.A. (2017). catinfo.org"
NATURAL BALANCE,Indoor,65.0,34.0,2.0,237.0,69.0,5.5,FALSE,FALSE,"Pierson, L.A. (2017). catinfo.org"
NATURAL BALANCE,Chicken Recipe in Gravy,35.0,53.0,11.0,185.0,84.0,5.5,FALSE,FALSE,"Pierson, L.A. (2017). catinfo.org"
NATURAL BALANCE,Beef & Garden Vegetables,32.0,51.0,17.0,346.0,97.0,5.5,FALSE,FALSE,"Pierson, L.A. (2017). catinfo.org"
NATURAL BALANCE,Turkey & Garden Vegetables,32.0,59.0,8.0,286.0,104.0,5.5,FALSE,FALSE,"Pierson, L.A. (2017). catinfo.org"
NATURAL BALANCE,Salmon & Garden Vegetables,47.0,45.0,7.0,319.0,59.0,5.5,FALSE,FALSE,"Pierson, L.A. (2017). catinfo.org"
NATURAL BALANCE,Tuna & Garden Vegetables,54.0,39.0,7.0,236.0,60.0,5.5,FALSE,FALSE,"Pierson, L.A. (2017). catinfo.org"
NATURAL BALANCE,Chicken,40.0,58.0,3.0,388.0,49.0,5.5,FALSE,FALSE,"Pierson, L.A. (2017). catinfo.org"
NATURAL BALANCE,Rabbit,40.0,58.0,3.0,317.0,51.0,5.5,FALSE,FALSE,"Pierson, L.A. (2017). catinfo.org"
NATURAL BALANCE,Chicken & Tuna,41.0,56.0,3.0,362.0,47.0,5.5,FALSE,FALSE,"Pierson, L.A. (2017). catinfo.org"
NATURAL BALANCE,Chicken Meal Nuggets,31.0,64.0,5.0,238.0,46.0,5.5,FALSE,FALSE,"Pierson, L.A. (2017). catinfo.org"
NATURAL BALANCE,Chicken,36.0,57.0,7.0,292.0,205.0,5.5,FALSE,FALSE,"Pierson, L.A. (2017). catinfo.org"
NATURAL BALANCE,Beef,42.0,51.0,6.0,257.0,232.0,5.5,FALSE,FALSE,"Pierson, L.A. (2017). catinfo.org"
NATURAL BALANCE,Lamb,34.0,61.0,4.0,284.0,218.0,5.5,FALSE,FALSE,"Pierson, L.A. (2017). catinfo.org"
NATURAL BALANCE,Duck,37.0,55.0,9.0,299.0,207.0,5.5,FALSE,FALSE,"Pierson, L.A. (2017). catinfo.org"
NATURAL BALANCE,Rabbit,45.0,49.0,6.0,313.0,162.0,5.5,FALSE,FALSE,"Pierson, L.A. (2017). catinfo.org"
NATURAL BALANCE,Venison,42.0,55.0,3.0,388.0,228.0,5.5,FALSE,FALSE,"Pierson, L.A. (2017). catinfo.org"
NATURAL BALANCE,Salmon,45.0,46.0,9.0,359.0,185.0,5.5,FALSE,FALSE,"Pierson, L.A. (2017). catinfo.org"
INSTINCT,Lamb,32.0,60.0,8.0,243.0,232.0,5.5,FALSE,FALSE,"Pierson, L.A. (2017). catinfo.org"
INSTINCT,Duck,32.0,58.0,11.0,498.0,224.0,5.5,FALSE,FALSE,"Pierson, L.A. (2017). catinfo.org"
INSTINCT,Turkey,34.0,59.0,7.0,276.0,212.0,5.5,FALSE,FALSE,"Pierson, L.A. (2017). catinfo.org"
INSTINCT,Rabbit,41.0,45.0,13.0,293.0,178.0,5.5,FALSE,FALSE,"Pierson, L.A. (2017). catinfo.org"
INSTINCT,Ultimate Protein Chicken,36.0,57.0,7.0,299.0,199.0,5.5,FALSE,FALSE,"Pierson, L.A. (2017). catinfo.org"
INSTINCT,Minced Chicken,38.0,47.0,15.0,273.0,151.0,5.5,FALSE,FALSE,"Pierson, L.A. (2017). catinfo.org"
INSTINCT,Flaked Chicken,41.0,49.0,10.0,265.0,163.0,5.5,FALSE,FALSE,"Pierson, L.A. (2017). catinfo.org"
INSTINCT,Minced Duck,38.0,46.0,17.0,218.0,145.0,5.5,FALSE,FALSE,"Pierson, L.A. (2017). catinfo.org"
INSTINCT,Flaked Duck,39.0,48.0,13.0,233.0,157.0,5.5,FALSE,FALSE,"Pierson, L.A. (2017). catinfo.org"
INSTINCT,Minced Lamb,34.0,52.0,14.0,218.0,165.0,5.5,FALSE,FALSE,"Pierson, L.A. (2017). catinfo.org"
INSTINCT,Flaked Lamb,35.0,54.0,11.0,206.0,182.0,5.5,FALSE,FALSE,"Pierson, L.A. (2017). catinfo.org"
INSTINCT,Minced Rabbit,38.0,47.0,15.0,218.0,141.0,5.5,FALSE,FALSE,"Pierson, L.A. (2017). catinfo.org"
INSTINCT,Flaked Rabbit,41.0,49.0,10.0,213.0,154.0,5.5,FALSE,FALSE,"Pierson, L.A. (2017). catinfo.org"
INSTINCT,Minced Salmon,37.0,45.0,17.0,295.0,136.0,5.5,FALSE,FALSE,"Pierson, L.A. (2017). catinfo.org"
INSTINCT,Flaked Salmon,40.0,48.0,12.0,306.0,145.0,5.5,FALSE,FALSE,"Pierson, L.A. (2017). catinfo.org"
INSTINCT,Minced Tuna,44.0,40.0,17.0,236.0,130.0,5.5,FALSE,FALSE,"Pierson, L.A. (2017). catinfo.org"
INSTINCT,Flaked Tuna,47.0,43.0,10.0,227.0,140.0,5.5,FALSE,FALSE,"Pierson, L.A. (2017). catinfo.org"
INSTINCT,Chicken,28.0,70.0,2.0,229.0,203.0,5.5,FALSE,FALSE,"Pierson, L.A. (2017). catinfo.org"
INSTINCT,Chicken & Liver,30.0,67.0,3.0,260.0,211.0,5.5,FALSE,FALSE,"Pierson, L.A. (2017). catinfo.org"
INSTINCT,Turkey,27.0,71.0,2.0,225.0,205.0,5.5,FALSE,FALSE,"Pierson, L.A. (2017). catinfo.org"
INSTINCT,Turkey & Liver,29.0,69.0,3.0,297.0,206.0,5.5,FALSE,FALSE,"Pierson, L.A. (2017). catinfo.org"
INSTINCT,Chicken & Brown Rice,28.0,62.0,10.0,211.0,199.0,5.5,FALSE,FALSE,"Pierson, L.A. (2017). catinfo.org"
INSTINCT,Chicken & Salmon,28.0,64.0,9.0,221.0,205.0,5.5,FALSE,FALSE,"Pierson, L.A. (2017). catinfo.org"
INSTINCT,Turkey,30.0,60.0,11.0,275.0,179.0,5.5,FALSE,FALSE,"Pierson, L.A. (2017). catinfo.org"
INSTINCT,Turkey & Vegetable,29.0,59.0,12.0,210.0,187.0,5.5,FALSE,FALSE,"Pierson, L.A. (2017). catinfo.org"
INSTINCT,Liver & Bacon,33.0,61.0,6.0,303.0,170.0,5.5,FALSE,FALSE,"Pierson, L.A. (2017). catinfo.org"
INSTINCT,Liver & Chicken,35.0,59.0,6.0,296.0,168.0,5.5,FALSE,FALSE,"Pierson, L.A. (2017). catinfo.org"
INSTINCT,Ocean Whitefish,43.0,54.0,3.0,400.0,159.0,5.5,FALSE,FALSE,"Pierson, L.A. (2017). catinfo.org"
INSTINCT,Ocean Whitefish & Tuna,41.0,54.0,5.0,415.0,157.0,5.5,FALSE,FALSE,"Pierson, L.A. (2017). catinfo.org"
INSTINCT,Salmon,37.0,58.0,5.0,347.0,162.0,5.5,FALSE,FALSE,"Pierson, L.A. (2017). catinfo.org"
INSTINCT,Tuna & Shrimp,37.0,58.0,5.0,353.0,163.0,5.5,FALSE,FALSE,"Pierson, L.A. (2017). catinfo.org"
INSTINCT,Turkey & Giblets,41.0,55.0,4.0,395.0,157.0,5.5,FALSE,FALSE,"Pierson, L.A. (2017). catinfo.org"
INSTINCT,Mixed Grill,38.0,56.0,5.0,290.0,167.0,5.5,FALSE,FALSE,"Pierson, L.A. (2017). catinfo.org"
INSTINCT,Super Supper,33.0,62.0,5.0,324.0,168.0,5.5,FALSE,FALSE,"Pierson, L.A. (2017). catinfo.org"
INSTINCT,Seafood Platter,34.0,62.0,4.0,339.0,170.0,5.5,FALSE,FALSE,"Pierson, L.A. (2017). catinfo.org"
INSTINCT,Chicken & Tuna,34.0,62.0,4.0,333.0,168.0,5.5,FALSE,FALSE,"Pierson, L.A. (2017). catinfo.org"
INSTINCT,Beef,35.0,59.0,6.0,329.0,165.0,5.5,FALSE,FALSE,"Pierson, L.A. (2017). catinfo.org"
INSTINCT,Chicken,36.0,62.0,3.0,383.0,163.0,5.5,FALSE,FALSE,"Pierson, L.A. (2017). catinfo.org"
INSTINCT,Chicken & Seafood,35.0,60.0,4.0,355.0,162.0,5.5,FALSE,FALSE,"Pierson, L.A. (2017). catinfo.org"
INSTINCT,Beef & Chicken,40.0,33.0,27.0,416.0,112.0,5.5,FALSE,FALSE,"Pierson, L.A. (2017). catinfo.org"
INSTINCT,Chicken & Fish,37.0,39.0,24.0,420.0,121.0,5.5,FALSE,FALSE,"Pierson, L.A. (2017). catinfo.org"
INSTINCT,Veal,44.0,34.0,22.0,401.0,112.0,5.5,FALSE,FALSE,"Pierson, L.A. (2017). catinfo.org"
INSTINCT,Beef,40.0,35.0,25.0,388.0,117.0,5.5,FALSE,FALSE,"Pierson, L.A. (2017). catinfo.org"
INSTINCT,Chicken & Salmon,44.0,34.0,22.0,299.0,124.0,5.5,FALSE,FALSE,"Pierson, L.A. (2017). catinfo.org"
INSTINCT,Chicken,40.0,34.0,26.0,389.0,117.0,5.5,FALSE,FALSE,"Pierson, L.A. (2017). catinfo.org"
INSTINCT,Turkey,45.0,43.0,12.0,458.0,115.0,5.5,FALSE,FALSE,"Pierson, L.A. (2017). catinfo.org"
INSTINCT,Turkey & Cheese,43.0,38.0,19.0,308.0,131.0,5.5,FALSE,FALSE,"Pierson, L.A. (2017). catinfo.org"
INSTINCT,Ocean Whitefish & Tuna,42.0,33.0,25.0,306.0,123.0,5.5,FALSE,FALSE,"Pierson, L.A. (2017). catinfo.org"
INSTINCT,"Turkey, Chicken & Cheese",41.0,39.0,20.0,404.0,119.0,5.5,FALSE,FALSE,"Pierson, L.A. (2017). catinfo.org"
INSTINCT,Flaked Tuna,68.0,28.0,4.0,238.0,137.0,5.5,FALSE,FALSE,"Pierson, L.A. (2017). catinfo.org"
9LIVES,Tuna & Cheese Bits,63.0,27.0,10.0,227.0,139.0,5.5,FALSE,FALSE,"Pierson, L.A. (2017). catinfo.org"
9LIVES,Tuna & Egg Bits,63.0,27.0,10.0,226.0,139.0,5.5,FALSE,FALSE,"Pierson, L.A. (2017). catinfo.org"
INSTINCT,Beef,41.0,35.0,25.0,420.0,115.0,5.5,FALSE,FALSE,"Pierson, L.A. (2017). catinfo.org"
INSTINCT,Chicken,42.0,36.0,23.0,459.0,118.0,5.5,FALSE,FALSE,"Pierson, L.A. (2017). catinfo.org"
INSTINCT,Turkey & Chicken,41.0,39.0,20.0,404.0,119.0,5.5,FALSE,FALSE,"Pierson, L.A. (2017). catinfo.org"
INSTINCT,Turkey & Giblets,41.0,40.0,20.0,404.0,120.0,5.5,FALSE,FALSE,"Pierson, L.A. (2017). catinfo.org"
INSTINCT,Ocean Whitefish & Tuna,42.0,33.0,25.0,306.0,123.0,5.5,FALSE,FALSE,"Pierson, L.A. (2017). catinfo.org"
INSTINCT,Salmon,42.0,36.0,21.0,293.0,128.0,5.5,FALSE,FALSE,"Pierson, L.A. (2017). catinfo.org"
NULO,Turkey & Chicken,35.0,64.0,1.0,360.0,202.0,5.5,FALSE,FALSE,"Pierson, L.A. (2017). catinfo.org"
NULO,Beef & Lamb,32.0,66.0,2.0,270.0,191.0,5.5,FALSE,FALSE,"Pierson, L.A. (2017). catinfo.org"
NULO,Chicken & Herring,35.0,61.0,3.0,320.0,201.0,5.5,FALSE,FALSE,"Pierson, L.A. (2017). catinfo.org"
NULO,Duck & Tuna,37.0,58.0,5.0,330.0,186.0,5.5,FALSE,FALSE,"Pierson, L.A. (2017). catinfo.org"
NULO,Salmon & Mackerel,38.0,57.0,5.0,230.0,193.0,5.5,FALSE,FALSE,"Pierson, L.A. (2017). catinfo.org"
NULO,Trout & Salmon,35.0,64.0,1.0,280.0,188.0,5.5,FALSE,FALSE,"Pierson, L.A. (2017). catinfo.org"
NUTRISH,Paw Lickin' Chicken & Liver,33.0,50.0,17.0,228.0,91.0,5.5,FALSE,FALSE,"Pierson, L.A. (2017). catinfo.org"
NUTRISH,Chicken & Salmon Catterole,34.0,52.0,14.0,207.0,97.0,5.5,FALSE,FALSE,"Pierson, L.A. (2017). catinfo.org"
NUTRISH,Tuna Purrfection,37.0,45.0,18.0,221.0,69.0,5.5,FALSE,FALSE,"Pierson, L.A. (2017). catinfo.org"
NUTRISH,Ocean Fish-a-Licious,27.0,60.0,13.0,213.0,109.0,5.5,FALSE,FALSE,"Pierson, L.A. (2017). catinfo.org"
NUTRISH,"Chicken, Turkey & Lamb",29.0,59.0,12.0,229.0,125.0,5.5,FALSE,FALSE,"Pierson, L.A. (2017). catinfo.org"
NUTRISH,Chicken and Rice,29.0,59.0,12.0,236.0,145.0,5.5,FALSE,FALSE,"Pierson, L.A. (2017). catinfo.org"
ORGANIX,Chicken Pate,31.0,65.0,4.0,182.0,159.0,5.5,FALSE,FALSE,"Pierson, L.A. (2017). catinfo.org"
ORGANIX,Chicken & Chicken Liver Pate,34.0,63.0,4.0,212.0,171.0,5.5,FALSE,FALSE,"Pierson, L.A. (2017). catinfo.org"
ORGANIX,Turkey Pate,27.0,67.0,5.0,193.0,168.0,5.5,FALSE,FALSE,"Pierson, L.A. (2017). catinfo.org"
ORGANIX,Chicken - Shredded,34.0,55.0,11.0,202.0,127.0,5.5,FALSE,FALSE,"Pierson, L.A. (2017). catinfo.org"
ORGANIX,Turkey & Spinach,25.0,59.0,16.0,129.0,206.0,5.5,FALSE,FALSE,"Pierson, L.A. (2017). catinfo.org"
ORGANIX,Turkey w/ Salmon,25.0,62.0,13.0,146.0,225.0,5.5,FALSE,FALSE,"Pierson, L.A. (2017). catinfo.org"
ORGANIX,Turkey w/ Seafood,25.0,57.0,18.0,139.0,202.0,5.5,FALSE,FALSE,"Pierson, L.A. (2017). catinfo.org"
PINNACLE,Chicken & Tuna,32.0,63.0,5.0,221.0,189.0,5.5,FALSE,FALSE,"Pierson, L.A. (2017). catinfo.org"
PINNACLE,Chicken & Ocean Fish,27.0,68.0,5.0,172.0,221.0,5.5,FALSE,FALSE,"Pierson, L.A. (2017). catinfo.org"
PINNACLE,Ocean Fish,32.0,64.0,4.0,227.0,184.0,5.5,FALSE,FALSE,"Pierson, L.A. (2017). catinfo.org"
PRECISE,Flaked Chicken,36.0,50.0,14.0,335.0,168.0,5.5,FALSE,FALSE,"Pierson, L.A. (2017). catinfo.org"
PRECISE,Flaked Beef,40.0,43.0,17.0,304.0,159.0,5.5,FALSE,FALSE,"Pierson, L.A. (2017). catinfo.org"
PRECISE,Flaked Pork,42.0,43.0,15.0,260.0,159.0,5.5,FALSE,FALSE,"Pierson, L.A. (2017). catinfo.org"
PRO PLAN,Chicken & RIce in Gravy,55.0,30.0,16.0,247.0,71.0,5.5,FALSE,FALSE,"Pierson, L.A. (2017). catinfo.org"
PRO PLAN,Chicken & Cheese,50.0,35.0,15.0,249.0,81.0,5.5,FALSE,FALSE,"Pierson, L.A. (2017). catinfo.org"
PRO PLAN,Chunky Chicken,43.0,53.0,4.0,427.0,90.0,5.5,FALSE,FALSE,"Pierson, L.A. (2017). catinfo.org"
PRO PLAN,Chicken & Spinach,35.0,64.0,1.0,363.0,97.0,5.5,FALSE,FALSE,"Pierson, L.A. (2017). catinfo.org"
PRO PLAN,Turkey & Pasta,53.0,30.0,17.0,308.0,71.0,5.5,FALSE,FALSE,"Pierson, L.A. (2017). catinfo.org"
PRO PLAN,Turkey & Rice,54.0,31.0,15.0,287.0,71.0,5.5,FALSE,FALSE,"Pierson, L.A. (2017). catinfo.org"
PRO PLAN,Turkey & Vegetable,53.0,31.0,16.0,312.0,70.0,5.5,FALSE,FALSE,"Pierson, L.A. (2017). catinfo.org"
PRO PLAN,Turkey & Cheese,50.0,35.0,15.0,252.0,73.0,5.5,FALSE,FALSE,"Pierson, L.A. (2017). catinfo.org"
PRO PLAN,Turkey & Giblets,57.0,36.0,7.0,279.0,80.0,5.5,FALSE,FALSE,"Pierson, L.A. (2017). catinfo.org"
PRO PLAN,Turkey & Vegetable,41.0,57.0,3.0,417.0,96.0,5.5,FALSE,FALSE,"Pierson, L.A. (2017). catinfo.org"
PRO PLAN,Beef & Cheese,49.0,35.0,16.0,238.0,73.0,5.5,FALSE,FALSE,"Pierson, L.A. (2017). catinfo.org"
PRO PLAN,Beef & Chicken,55.0,32.0,13.0,221.0,73.0,5.5,FALSE,FALSE,"Pierson, L.A. (2017). catinfo.org"
PRO PLAN,"Beef, Carrots & Rice",51.0,30.0,19.0,293.0,68.0,5.5,FALSE,FALSE,"Pierson, L.A. (2017). catinfo.org"
PRO PLAN,Salmon & Cheese,54.0,31.0,15.0,229.0,71.0,5.5,FALSE,FALSE,"Pierson, L.A. (2017). catinfo.org"
PRO PLAN,Salmon & Rice in Sauce,53.0,32.0,15.0,242.0,72.0,5.5,FALSE,FALSE,"Pierson, L.A. (2017). catinfo.org"
PRO PLAN,Salmon & Wild Rice Classic,37.0,61.0,3.0,325.0,102.0,5.5,FALSE,FALSE,"Pierson, L.A. (2017). catinfo.org"
PRO PLAN,Sole & Vegetable in Sauce,53.0,32.0,15.0,335.0,67.0,5.5,FALSE,FALSE,"Pierson, L.A. (2017). catinfo.org"
PRO PLAN,Trout & Pasta,54.0,30.0,16.0,293.0,67.0,5.5,FALSE,FALSE,"Pierson, L.A. (2017). catinfo.org"
PRO PLAN,"Tuna, Shrimp & Rice",55.0,27.0,17.0,288.0,65.0,5.5,FALSE,FALSE,"Pierson, L.A. (2017). catinfo.org"
PRO PLAN,Tuna in Sauce,58.0,29.0,13.0,291.0,68.0,5.5,FALSE,FALSE,"Pierson, L.A. (2017). catinfo.org"
PRO PLAN,Seafood Stew,55.0,29.0,16.0,306.0,68.0,5.5,FALSE,FALSE,"Pierson, L.A. (2017). catinfo.org"
PRO PLAN,Healthy Metabolism Chicken,53.0,35.0,12.0,243.0,83.0,5.5,FALSE,FALSE,"Pierson, L.A. (2017). catinfo.org"
PRO PLAN,Healthy Metabolism Turkey,56.0,31.0,13.0,259.0,75.0,5.5,FALSE,FALSE,"Pierson, L.A. (2017). catinfo.org"
PRO PLAN,Healthy Metabolism Salmon,59.0,30.0,11.0,230.0,72.0,5.5,FALSE,FALSE,"Pierson, L.A. (2017). catinfo.org"
PRO PLAN,Indoor Salmon & Rice,48.0,28.0,24.0,263.0,78.0,5.5,FALSE,FALSE,"Pierson, L.A. (2017). catinfo.org"
PRO PLAN,Adult 11+ Chicken & Beef,39.0,59.0,2.0,338.0,96.0,5.5,FALSE,FALSE,"Pierson, L.A. (2017). catinfo.org"
PRO PLAN,Kitten Salmon & Oceanfish,73.0,26.0,2.0,702.0,101.0,5.5,FALSE,FALSE,"Pierson, L.A. (2017). catinfo.org"
PRO PLAN,Chicken & Beef,30.0,66.0,4.0,346.0,106.0,5.5,FALSE,FALSE,"Pierson, L.A. (2017). catinfo.org"
PRO PLAN,Turkey & Giblets,31.0,66.0,3.0,295.0,111.0,5.5,FALSE,FALSE,"Pierson, L.A. (2017). catinfo.org"
PRO PLAN,Whitefish & Salmon,34.0,63.0,3.0,284.0,107.0,5.5,FALSE,FALSE,"Pierson, L.A. (2017). catinfo.org"
PRO PLAN,Salnon & Tuna,33.0,64.0,3.0,315.0,109.0,5.5,FALSE,FALSE,"Pierson, L.A. (2017). catinfo.org"
PRO PLAN,Chicken & Liver Entree,36.0,62.0,1.0,360.0,107.0,5.5,FALSE,FALSE,"Pierson, L.A. (2017). catinfo.org"
PRO PLAN,Turkey & Chicken Entree,37.0,62.0,1.0,357.0,109.0,5.5,FALSE,FALSE,"Pierson, L.A. (2017). catinfo.org"
PRO PLAN,Beef & Giblets Entree,37.0,63.0,0.0,335.0,111.0,5.5,FALSE,FALSE,"Pierson, L.A. (2017). catinfo.org"
PRO PLAN,Chicken & Brown Rice,37.0,58.0,6.0,432.0,93.0,5.5,FALSE,FALSE,"Pierson, L.A. (2017). catinfo.org"
PRO PLAN,Turkey & Wild Rice,35.0,59.0,5.0,442.0,95.0,5.5,FALSE,FALSE,"Pierson, L.A. (2017). catinfo.org"
PRO PLAN,Salmon & Brown Rice,33.0,63.0,4.0,363.0,99.0,5.5,FALSE,FALSE,"Pierson, L.A. (2017). catinfo.org"
PRO PLAN,Beef & Brown Rice,36.0,58.0,6.0,460.0,94.0,5.5,FALSE,FALSE,"Pierson, L.A. (2017). catinfo.org"
PRO PLAN,Cod & Shrimp,37.0,59.0,4.0,430.0,93.0,5.5,FALSE,FALSE,"Pierson, L.A. (2017). catinfo.org"
PRO PLAN,Beef & Liver in Gravy,60.0,34.0,6.0,297.0,63.0,5.5,FALSE,FALSE,"Pierson, L.A. (2017). catinfo.org"
PRO PLAN,Chicken & Salmon in Sauce,57.0,37.0,6.0,273.0,67.0,5.5,FALSE,FALSE,"Pierson, L.A. (2017). catinfo.org"
PRO PLAN,Chicken & Turkey in Gravy,57.0,37.0,6.0,262.0,66.0,5.5,FALSE,FALSE,"Pierson, L.A. (2017). catinfo.org"
PRO PLAN,Salmon & Catfish in Sauce,58.0,35.0,6.0,268.0,66.0,5.5,FALSE,FALSE,"Pierson, L.A. (2017). catinfo.org"
PRO PLAN,Kitten Chicken & Brown Rice,37.0,58.0,5.0,380.0,98.0,5.5,FALSE,FALSE,"Pierson, L.A. (2017). catinfo.org"
PRO PLAN,Chicken Stew,35.0,52.0,13.0,235.0,135.0,5.5,FALSE,FALSE,"Pierson, L.A. (2017). catinfo.org"
PRO PLAN,Turkey Stew,34.0,57.0,9.0,275.0,135.0,5.5,FALSE,FALSE,"Pierson, L.A. (2017). catinfo.org"
PRO PLAN,Beef Stew,33.0,53.0,14.0,242.0,135.0,5.5,FALSE,FALSE,"Pierson, L.A. (2017). catinfo.org"
PURINA ONE,Chicken in Gravy,55.0,32.0,13.0,280.0,72.0,5.5,FALSE,FALSE,"Pierson, L.A. (2017). catinfo.org"
PURINA ONE,Turkey in Gravy,56.0,33.0,12.0,273.0,71.0,5.5,FALSE,FALSE,"Pierson, L.A. (2017). catinfo.org"
PURINA ONE,Tuna,58.0,28.2,13.8,272.6,69.0,5.5,FALSE,FALSE,"Pierson, L.A. (2017). catinfo.org"
ROYAL CANIN,Babycat Instinctive,40.0,51.0,8.0,296.0,77.0,3.0,FALSE,FALSE,"Pierson, L.A. (2017). catinfo.org"
ROYAL CANIN,Ultra Light - Loaf in Sauce,61.0,26.0,13.0,291.0,56.0,3.0,FALSE,FALSE,"Pierson, L.A. (2017). catinfo.org"
ROYAL CANIN,Instinctive 7+ - Loaf in Sauce,50.0,28.0,22.0,195.0,127.0,5.8,FALSE,FALSE,"Pierson, L.A. (2017). catinfo.org"
ROYAL CANIN,Aging 12+ - Loaf in Sauce,41.0,39.0,20.0,139.0,142.0,5.8,FALSE,FALSE,"Pierson, L.A. (2017). catinfo.org"
SCIENCE DIET,Homestyle Chicken,34.0,48.0,18.0,214.0,2.9,5.5,FALSE,FALSE,"Pierson, L.A. (2017). catinfo.org"
SCIENCE DIET,Chicken,35.0,42.0,23.0,156.0,2.9,5.5,FALSE,FALSE,"Pierson, L.A. (2017). catinfo.org"
SCIENCE DIET,Tuna,38.0,41.0,21.0,176.0,2.9,5.5,FALSE,FALSE,"Pierson, L.A. (2017). catinfo.org"
SCIENCE DIET,Chicken Supper,33.0,43.0,24.0,151.0,2.9,5.5,FALSE,FALSE,"Pierson, L.A. (2017). catinfo.org"
SCIENCE DIET,Chicken & Vegetable,39.0,29.0,32.0,185.0,2.9,5.5,FALSE,FALSE,"Pierson, L.A. (2017). catinfo.org"
SCIENCE DIET,Chicken,25.0,51.0,24.0,142.0,2.9,5.5,FALSE,FALSE,"Pierson, L.A. (2017). catinfo.org"
SCIENCE DIET,Salmon,25.0,52.0,23.0,163.0,2.9,5.5,FALSE,FALSE,"Pierson, L.A. (2017). catinfo.org"
SCIENCE DIET,Trout,25.0,51.0,24.0,163.0,2.9,5.5,FALSE,FALSE,"Pierson, L.A. (2017). catinfo.org"
SCIENCE DIET,Tuna,28.0,52.0,20.0,132.0,2.9,5.5,FALSE,FALSE,"Pierson, L.A. (2017). catinfo.org"
SHEBA,Tender Turkey,34.0,55.0,11.0,215.0,32.0,5.5,FALSE,FALSE,"Pierson, L.A. (2017). catinfo.org"
SHEBA,Roasted Chicken,41.0,46.0,13.0,352.0,32.0,5.5,FALSE,FALSE,"Pierson, L.A. (2017). catinfo.org"
SHEBA,Salmon,47.0,40.0,13.0,361.0,32.0,5.5,FALSE,FALSE,"Pierson, L.A. (2017). catinfo.org"
SHEBA,Mixed Grill,41.0,46.0,13.0,352.0,32.0,5.5,FALSE,FALSE,"Pierson, L.A. (2017). catinfo.org"
SHEBA,Salmon & Chicken,47.0,40.0,13.0,361.0,32.0,5.5,FALSE,FALSE,"Pierson, L.A. (2017). catinfo.org"
SHEBA,Tender Trout,38.0,46.0,16.0,311.0,32.0,5.5,FALSE,FALSE,"Pierson, L.A. (2017). catinfo.org"
SHEBA,Tuna & Shrimp,41.0,44.0,15.0,358.0,32.0,5.5,FALSE,FALSE,"Pierson, L.A. (2017). catinfo.org"
SOULISTIC,Shrimply Divine,60.0,40.0,0.0,227.0,117.0,5.5,FALSE,FALSE,"Pierson, L.A. (2017). catinfo.org"
SOULISTIC,Double Happiness,55.0,43.0,2.0,209.0,133.0,5.5,FALSE,FALSE,"Pierson, L.A. (2017). catinfo.org"
SOULISTIC,Polynesian Picnic,68.0,26.0,6.0,244.0,96.0,5.5,FALSE,FALSE,"Pierson, L.A. (2017). catinfo.org"
SOULISTIC,Upstream Dream,63.0,33.0,5.0,248.0,113.0,5.5,FALSE,FALSE,"Pierson, L.A. (2017). catinfo.org"
SOULISTIC,Pure Bliss,58.0,22.0,20.0,212.0,118.0,5.5,FALSE,FALSE,"Pierson, L.A. (2017). catinfo.org"
SOULISTIC,Aqua Grill,52.0,27.0,20.0,219.0,107.0,5.5,FALSE,FALSE,"Pierson, L.A. (2017). catinfo.org"
SOULISTIC,Good Karma,58.0,26.0,17.0,214.0,124.0,5.5,FALSE,FALSE,"Pierson, L.A. (2017). catinfo.org"
SOULISTIC,Nautical Nirvana,56.0,31.0,14.0,203.0,139.0,5.5,FALSE,FALSE,"Pierson, L.A. (2017). catinfo.org"
SOULISTIC,Sweet Salutations,52.0,29.0,20.0,195.0,120.0,5.5,FALSE,FALSE,"Pierson, L.A. (2017). catinfo.org"
SOULISTIC,Harvest Sunrise,49.0,26.0,24.0,148.0,117.0,5.5,FALSE,FALSE,"Pierson, L.A. (2017). catinfo.org"
SOULISTIC,Tri-Fusion,56.0,27.0,17.0,252.0,125.0,5.5,FALSE,FALSE,"Pierson, L.A. (2017). catinfo.org"
SOULISTIC,Aromatic Chicken,71.0,29.0,1.0,207.0,98.0,5.5,FALSE,FALSE,"Pierson, L.A. (2017). catinfo.org"
SOULISTIC,Golden Fortune,56.0,26.0,17.0,199.0,110.0,5.5,FALSE,FALSE,"Pierson, L.A. (2017). catinfo.org"
SOULISTIC,Seaside Serenity,59.0,28.0,13.0,196.0,127.0,5.5,FALSE,FALSE,"Pierson, L.A. (2017). catinfo.org"
SOULISTIC,Good Karma,61.0,25.0,14.0,184.0,127.0,5.5,FALSE,FALSE,"Pierson, L.A. (2017). catinfo.org"
SOULISTIC,Triple Harmony,56.0,22.0,23.0,214.0,110.0,5.5,FALSE,FALSE,"Pierson, L.A. (2017). catinfo.org"
SOULISTIC,Luna Tuna,72.0,23.0,5.0,253.0,105.0,5.5,FALSE,FALSE,"Pierson, L.A. (2017). catinfo.org"
SOULISTIC,Autumn Bounty,74.0,17.0,9.0,220.0,107.0,5.5,FALSE,FALSE,"Pierson, L.A. (2017). catinfo.org"
SOULISTIC,Island Illusion,57.0,30.0,14.0,231.0,102.0,5.5,FALSE,FALSE,"Pierson, L.A. (2017). catinfo.org"
SOULISTIC,Midnight Delight,52.0,29.0,19.0,226.0,124.0,5.5,FALSE,FALSE,"Pierson, L.A. (2017). catinfo.org"
SOULISTIC,Chicken,31.0,65.0,3.0,154.0,166.0,5.5,FALSE,FALSE,"Pierson, L.A. (2017). catinfo.org"
SOULISTIC,Chicken & Turkey,49.0,45.0,5.0,262.0,107.0,5.5,FALSE,FALSE,"Pierson, L.A. (2017). catinfo.org"
SOULISTIC,Chicken & Salmon,51.0,42.0,7.0,284.0,102.0,5.5,FALSE,FALSE,"Pierson, L.A. (2017). catinfo.org"
SOULISTIC,Chicken & Tuna,51.0,43.0,6.0,265.0,104.0,5.5,FALSE,FALSE,"Pierson, L.A. (2017). catinfo.org"
SOULISTIC,Lamb,44.0,50.0,5.0,234.0,128.0,5.5,FALSE,FALSE,"Pierson, L.A. (2017). catinfo.org"
SOULISTIC,Beef & Salmon,60.0,35.0,6.0,341.0,93.0,5.5,FALSE,FALSE,"Pierson, L.A. (2017). catinfo.org"
SOULISTIC,Chicken,37.0,55.0,8.0,173.0,153.0,5.5,FALSE,FALSE,"Pierson, L.A. (2017). catinfo.org"
SOULISTIC,Turkey,40.0,54.0,6.0,178.0,149.0,5.5,FALSE,FALSE,"Pierson, L.A. (2017). catinfo.org"
SOULISTIC,Duck,45.0,47.0,8.0,464.0,128.0,5.5,FALSE,FALSE,"Pierson, L.A. (2017). catinfo.org"
SOULISTIC,Beef,50.0,42.0,8.0,487.0,119.0,5.5,FALSE,FALSE,"Pierson, L.A. (2017). catinfo.org"
SOULISTIC,Lamb,45.0,49.0,6.0,285.0,129.0,5.5,FALSE,FALSE,"Pierson, L.A. (2017). catinfo.org"
SOULISTIC,Salmon,37.0,57.0,6.0,214.0,156.0,5.5,FALSE,FALSE,"Pierson, L.A. (2017). catinfo.org"
SOULISTIC,Tuna & Chicken,59.0,32.0,9.0,195.0,61.0,5.5,FALSE,FALSE,"Pierson, L.A. (2017). catinfo.org"
SOULISTIC,Tuna & Turkey,54.0,32.0,14.0,195.0,65.0,5.5,FALSE,FALSE,"Pierson, L.A. (2017). catinfo.org"
SOULISTIC,Tuna & Duck,54.0,34.0,13.0,177.0,62.0,5.5,FALSE,FALSE,"Pierson, L.A. (2017). catinfo.org"
SOULISTIC,Tuna & Salmon,63.0,24.0,13.0,254.0,54.0,5.5,FALSE,FALSE,"Pierson, L.A. (2017). catinfo.org"
SOULISTIC,Tuna & Lamb,55.0,30.0,15.0,207.0,66.0,5.5,FALSE,FALSE,"Pierson, L.A. (2017). catinfo.org"
SOULISTIC,Tuna & Beef,56.0,29.0,15.0,198.0,60.0,5.5,FALSE,FALSE,"Pierson, L.A. (2017). catinfo.org"
SOULISTIC,Puka Puka Luau,77.0,23.0,0.0,154.0,,,FALSE,FALSE,"Pierson, L.A. (2017). catinfo.org"
SOULISTIC,Koolina Luau,84.0,16.0,0.0,149.0,,,FALSE,FALSE,"Pierson, L.A. (2017). catinfo.org"
TIKI CAT,Hookena Luau,82.0,18.0,0.0,245.0,,,FALSE,FALSE,"Pierson, L.A. (2017). catinfo.org"
TIKI CAT,Napili Luau,72.0,28.0,0.0,150.0,,,FALSE,FALSE,"Pierson, L.A. (2017). catinfo.org"
TIKI CAT,Bora Bora Luau,34.0,66.0,0.0,377.0,,,FALSE,FALSE,"Pierson, L.A. (2017). catinfo.org"
TIKI CAT,Hana Luau,77.0,23.0,0.0,231.0,,,FALSE,FALSE,"Pierson, L.A. (2017). catinfo.org"
TIKI CAT,Hanalei Luau,76.0,24.0,0.0,176.0,,,FALSE,FALSE,"Pierson, L.A. (2017). catinfo.org"
TIKI CAT,Honolulu Luau,72.0,28.0,0.0,253.0,,,FALSE,FALSE,"Pierson, L.A. (2017). catinfo.org"
TIKI CAT,Lanai Luau,66.0,34.0,0.0,233.0,,,FALSE,FALSE,"Pierson, L.A. (2017). catinfo.org"
TIKI CAT,Makaha Luau,61.0,39.0,0.0,488.0,,,FALSE,FALSE,"Pierson, L.A. (2017). catinfo.org"
TIKI CAT,Manana Grill,71.0,29.0,0.0,151.0,,,FALSE,FALSE,"Pierson, L.A. (2017). catinfo.org"
TIKI CAT,Molokai Luau,70.0,30.0,0.0,170.0,,,FALSE,FALSE,"Pierson, L.A. (2017). catinfo.org"
TIKI CAT,Papeekeo Luau,74.0,26.0,0.0,255.0,,,FALSE,FALSE,"Pierson, L.A. (2017). catinfo.org"
TIKI CAT,Tahitian Grill,70.0,30.0,0.0,400.0,,,FALSE,FALSE,"Pierson, L.A. (2017). catinfo.org"
TIKI CAT,Waikiki Luau,64.0,36.0,0.0,222.0,,,FALSE,FALSE,"Pierson, L.A. (2017). catinfo.org"
TIKI CAT,Waimea Luau,70.0,30.0,0.0,327.0,,,FALSE,FALSE,"Pierson, L.A. (2017). catinfo.org"
TIKI CAT,Chicken and Liver,31.0,69.0,0.0,250.0,,,FALSE,FALSE,"Pierson, L.A. (2017). catinfo.org"
TIKI CAT,Chicken with Turkey,42.0,58.0,0.0,170.0,,,FALSE,FALSE,"Pierson, L.A. (2017). catinfo.org"
TIKI CAT,Chicken with Duck,39.0,61.0,0.0,170.0,,,FALSE,FALSE,"Pierson, L.A. (2017). catinfo.org"
TIKI CAT,Beef Liver and Chicken,38.0,62.0,0.0,231.0,,,FALSE,FALSE,"Pierson, L.A. (2017). catinfo.org"
TIKI CAT,Beef and Liver,28.0,72.0,0.0,212.0,,,FALSE,FALSE,"Pierson, L.A. (2017). catinfo.org"
TIKI CAT,Beef Liver and Lamb,32.0,68.0,0.0,198.0,,,FALSE,FALSE,"Pierson, L.A. (2017). catinfo.org"
TIKI CAT,Tilapia,33.0,67.0,0.0,170.0,,,FALSE,FALSE,"Pierson, L.A. (2017). catinfo.org"
TIKI CAT,Seabass,33.0,67.0,0.0,163.0,,,FALSE,FALSE,"Pierson, L.A. (2017). catinfo.org"
TIKI CAT,Bonito Tuna,33.0,67.0,0.0,208.0,,,FALSE,FALSE,"Pierson, L.A. (2017). catinfo.org"
TIKI CAT,Chicken/Turkey & Rice,31.0,57.0,12.0,214.0,182.0,5.5,FALSE,FALSE,"Pierson, L.A. (2017). catinfo.org"
TIKI CAT,Turkey & Giblets,32.0,59.0,9.0,235.0,180.0,5.5,FALSE,FALSE,"Pierson, L.A. (2017). catinfo.org"
TIKI CAT,"Ocean Fish, Salmon & Rice",33.0,56.0,11.0,240.0,176.0,5.5,FALSE,FALSE,"Pierson, L.A. (2017). catinfo.org"
TRIUMPH,Chicken & Liver,31.0,63.0,6.0,270.0,215.0,5.5,FALSE,FALSE,"Pierson, L.A. (2017). catinfo.org"
TRIUMPH,Turkey,27.0,71.0,3.0,230.0,223.0,5.5,FALSE,FALSE,"Pierson, L.A. (2017). catinfo.org"
TRIUMPH,Beef,30.0,64.0,6.0,257.0,210.0,5.5,FALSE,FALSE,"Pierson, L.A. (2017). catinfo.org"
TRIUMPH,Salmon,33.0,61.0,6.0,289.0,193.0,5.5,FALSE,FALSE,"Pierson, L.A. (2017). catinfo.org"
TRIUMPH,Ocean Fish,40.0,56.0,4.0,373.0,169.0,5.5,FALSE,FALSE,"Pierson, L.A. (2017). catinfo.org"
TRIUMPH,Trout,34.0,61.0,5.0,314.0,190.0,5.5,FALSE,FALSE,"Pierson, L.A. (2017). catinfo.org"
TRIUMPH,Chicken Pate,35.0,65.0,0.0,357.0,173.0,5.5,FALSE,FALSE,"Pierson, L.A. (2017). catinfo.org"
TRIUMPH,Chicken & Liver,34.0,66.0,0.0,230.0,166.0,5.5,FALSE,FALSE,"Pierson, L.A. (2017). catinfo.org"
TRIUMPH,"Turkey, Chicken & Fish",34.0,66.0,0.0,327.0,163.0,5.5,FALSE,FALSE,"Pierson, L.A. (2017). catinfo.org"
TRIUMPH,Salmon Pate,36.0,64.0,0.0,385.0,184.0,5.5,FALSE,FALSE,"Pierson, L.A. (2017). catinfo.org"
TRIUMPH,Tuna Pate,49.0,51.0,0.0,368.0,184.0,5.5,FALSE,FALSE,"Pierson, L.A. (2017). catinfo.org"
TRIUMPH,Ocean Fish,39.0,61.0,0.0,302.0,157.0,5.5,FALSE,FALSE,"Pierson, L.A. (2017). catinfo.org"
TRIUMPH,Chicken,39.0,61.0,0.0,474.0,176.0,5.5,FALSE,FALSE,"Pierson, L.A. (2017). catinfo.org"
TRIUMPH,Chicken/Pumpkin,36.0,62.0,3.0,837.0,176.0,5.5,FALSE,FALSE,"Pierson, L.A. (2017). catinfo.org"
TRIUMPH,Beef/Pumpkin,45.0,53.0,1.0,796.0,128.0,5.5,FALSE,FALSE,"Pierson, L.A. (2017). catinfo.org"
TRIUMPH,Chicken/Salmon,36.0,64.0,1.0,333.0,190.0,5.5,FALSE,FALSE,"Pierson, L.A. (2017). catinfo.org"
TRIUMPH,Chicken/Ocean Fish/Tripe,41.0,58.0,0.0,672.0,149.0,5.5,FALSE,FALSE,"Pierson, L.A. (2017). catinfo.org"
TRIUMPH,Beef/Apple/Vegetable,53.0,45.0,2.0,845.0,128.0,5.5,FALSE,FALSE,"Pierson, L.A. (2017). catinfo.org"
TRIUMPH,Lamb/Tripe/Vegetables,26.0,74.0,0.0,415.0,169.0,5.5,FALSE,FALSE,"Pierson, L.A. (2017). catinfo.org"
WELLNESS,Chicken,30.0,66.0,4.0,218.0,220.0,5.5,FALSE,FALSE,"Pierson, L.A. (2017). catinfo.org"
WELLNESS,Chicken & Herring,34.0,60.0,6.0,303.0,189.0,5.5,FALSE,FALSE,"Pierson, L.A. (2017). catinfo.org"
WELLNESS,Beef & Chicken,31.0,65.0,4.0,228.0,193.0,5.5,FALSE,FALSE,"Pierson, L.A. (2017). catinfo.org"
WELLNESS,Turkey,31.0,65.0,4.0,200.0,218.0,5.5,FALSE,FALSE,"Pierson, L.A. (2017). catinfo.org"
WELLNESS,Turkey & Salmon,37.0,58.0,5.0,300.0,181.0,5.5,FALSE,FALSE,"Pierson, L.A. (2017). catinfo.org"
WELLNESS,Salmon & Trout,27.0,65.0,8.0,249.0,208.0,5.5,FALSE,FALSE,"Pierson, L.A. (2017). catinfo.org"
WELLNESS,Chicken & Lobster,29.0,61.0,11.0,264.0,195.0,5.5,FALSE,FALSE,"Pierson, L.A. (2017). catinfo.org"
WELLNESS,Beef & Salmon,30.0,64.0,6.0,207.0,196.0,5.5,FALSE,FALSE,"Pierson, L.A. (2017). catinfo.org"
WELLNESS,Kitten,28.0,67.0,5.0,216.0,122.0,3.0,FALSE,FALSE,"Pierson, L.A. (2017). catinfo.org"
CORE,"Salmon, Whitefish, & Herring",37.0,50.0,13.0,269.0,152.0,5.5,FALSE,FALSE,"Pierson, L.A. (2017). catinfo.org"
CORE,"Beef, Venison, & Lamb",38.0,49.0,13.0,266.0,210.0,5.5,FALSE,FALSE,"Pierson, L.A. (2017). catinfo.org"
CORE,Turkey & Duck,38.0,57.0,5.0,265.0,188.0,5.5,FALSE,FALSE,"Pierson, L.A. (2017). catinfo.org"
CORE,Indoor,44.0,44.0,12.0,347.0,148.0,5.5,FALSE,FALSE,"Pierson, L.A. (2017). catinfo.org"
CORE,Kitten,36.0,58.0,6.0,275.0,195.0,5.5,FALSE,FALSE,"Pierson, L.A. (2017). catinfo.org"
CUBED/SLICED/MINCED,Chicken Entree - Cubed,27.0,65.0,8.0,265.0,168.0,5.5,FALSE,FALSE,"Pierson, L.A. (2017). catinfo.org"
CUBED/SLICED/MINCED,Chicken Entree - Sliced,32.0,58.0,10.0,327.0,166.0,5.5,FALSE,FALSE,"Pierson, L.A. (2017). catinfo.org"
CUBED/SLICED/MINCED,Turkey Entree/Dinner - Cubed,35.0,53.0,12.0,334.0,158.0,5.5,FALSE,FALSE,"Pierson, L.A. (2017). catinfo.org"
CUBED/SLICED/MINCED,Turkey Entree - Sliced,35.0,52.0,13.0,375.0,,,FALSE,FALSE,"Pierson, L.A. (2017). catinfo.org"
CUBED/SLICED/MINCED,Turkey Entree - Minced,36.0,51.0,13.0,372.0,156.0,5.5,FALSE,FALSE,"Pierson, L.A. (2017). catinfo.org"
CUBED/SLICED/MINCED,Salmon Entrée - Minced,36.0,55.0,9.0,423.0,82.0,3.0,FALSE,FALSE,"Pierson, L.A. (2017). catinfo.org"
CUBED/SLICED/MINCED,Salmon Dinner - Cubed,38.0,53.0,10.0,424.0,81.0,3.0,FALSE,FALSE,"Pierson, L.A. (2017). catinfo.org"
CUBED/SLICED/MINCED,Salmon Entree - Sliced,38.0,52.0,10.0,427.0,149.0,5.5,FALSE,FALSE,"Pierson, L.A. (2017). catinfo.org"
CUBED/SLICED/MINCED,Tuna Entree - Cubed,52.0,34.0,14.0,355.0,135.0,5.5,FALSE,FALSE,"Pierson, L.A. (2017). catinfo.org"
CUBED/SLICED/MINCED,Tuna Dinner - Minced,52.0,35.0,14.0,360.0,134.0,5.5,FALSE,FALSE,"Pierson, L.A. (2017). catinfo.org"
CUBED/SLICED/MINCED,Chicken with Chicken Liver,38.0,33.0,28.0,229.0,126.0,5.5,FALSE,FALSE,"Pierson, L.A. (2017). catinfo.org"
CUBED/SLICED/MINCED,Chicken & Beef Entrée in,40.0,33.0,28.0,246.0,127.0,5.5,FALSE,FALSE,"Pierson, L.A. (2017). catinfo.org"
CUBED/SLICED/MINCED,Chicken & Turkey Entrée in,38.0,34.0,28.0,235.0,134.0,5.5,FALSE,FALSE,"Pierson, L.A. (2017). catinfo.org"
CUBED/SLICED/MINCED,& Wild Salmon Entrée in,27.0,49.0,25.0,232.0,131.0,5.5,FALSE,FALSE,"Pierson, L.A. (2017). catinfo.org"
CUBED/SLICED/MINCED,Chicken Pate & Diced Duck,21.0,64.0,14.0,140.0,71.0,5.5,FALSE,FALSE,"Pierson, L.A. (2017). catinfo.org"
CUBED/SLICED/MINCED,Chicken Pate & Diced Turkey,22.0,61.0,16.0,140.0,74.0,5.5,FALSE,FALSE,"Pierson, L.A. (2017). catinfo.org"
CUBED/SLICED/MINCED,Tilapia Pate & Diced Ahi Tuna,23.0,62.0,15.0,206.0,72.0,5.5,FALSE,FALSE,"Pierson, L.A. (2017). catinfo.org"
CUBED/SLICED/MINCED,Tuna Pate & Diced Salmon,25.0,59.0,16.0,155.0,70.0,5.5,FALSE,FALSE,"Pierson, L.A. (2017). catinfo.org"
CUBED/SLICED/MINCED,Morsels Chicken & Salmon,31.0,52.0,17.0,126.0,62.0,5.5,FALSE,FALSE,"Pierson, L.A. (2017). catinfo.org"
CUBED/SLICED/MINCED,Morsels Chicken & Turkey,28.0,58.0,14.0,131.0,62.0,5.5,FALSE,FALSE,"Pierson, L.A. (2017). catinfo.org"
CUBED/SLICED/MINCED,Morsels Salmon & Tuna,34.0,49.0,16.0,138.0,62.0,5.5,FALSE,FALSE,"Pierson, L.A. (2017). catinfo.org"
CUBED/SLICED/MINCED,Morsels with Tuna,30.0,52.0,17.0,132.0,62.0,5.5,FALSE,FALSE,"Pierson, L.A. (2017). catinfo.org"
CUBED/SLICED/MINCED,Morsels Turkey & Duck,28.0,54.0,17.0,131.0,62.0,5.5,FALSE,FALSE,"Pierson, L.A. (2017). catinfo.org"
CUBED/SLICED/MINCED,Shreds Chicken & Turkey,24.0,57.0,19.0,174.0,57.0,5.5,FALSE,FALSE,"Pierson, L.A. (2017). catinfo.org"
CUBED/SLICED/MINCED,Shreds Skipjack & Shrimp,30.0,56.0,14.0,250.0,57.0,5.5,FALSE,FALSE,"Pierson, L.A. (2017). catinfo.org"
CUBED/SLICED/MINCED,Gravies Chicken & Turkey,26.0,55.0,19.0,204.0,57.0,5.5,FALSE,FALSE,"Pierson, L.A. (2017). catinfo.org"
CUBED/SLICED/MINCED,Gravies Tuna & Mackerel,31.0,55.0,14.0,282.0,57.0,5.5,FALSE,FALSE,"Pierson, L.A. (2017). catinfo.org"
CUBED/SLICED/MINCED,Paw Lickin’ Chicken,65.0,32.0,3.0,196.0,,,FALSE,FALSE,"Pierson, L.A. (2017). catinfo.org"
CUBED/SLICED/MINCED,Grandma’s Chicken Soup,53.0,26.0,21.0,193.0,,,FALSE,FALSE,"Pierson, L.A. (2017). catinfo.org"
CUBED/SLICED/MINCED,Funky Chunky Chicken Soup,52.0,29.0,20.0,201.0,,,FALSE,FALSE,"Pierson, L.A. (2017). catinfo.org"
CUBED/SLICED/MINCED,Nine Liver,59.0,33.0,9.0,200.0,,,FALSE,FALSE,"Pierson, L.A. (2017). catinfo.org"
CUBED/SLICED/MINCED,Green Eggs & Chicken,56.0,35.0,9.0,230.0,,,FALSE,FALSE,"Pierson, L.A. (2017). catinfo.org"
WERUVA,Outback Grill,62.0,37.0,1.0,562.0,,,FALSE,FALSE,"Pierson, L.A. (2017). catinfo.org"
WERUVA,Marbella Paella,62.0,37.0,1.0,253.0,,,FALSE,FALSE,"Pierson, L.A. (2017). catinfo.org"
WERUVA,Aisan Fusion,62.0,37.0,1.0,295.0,,,FALSE,FALSE,"Pierson, L.A. (2017). catinfo.org"
WERUVA,Mack & Jack,78.0,22.0,0.0,337.0,,,FALSE,FALSE,"Pierson, L.A. (2017). catinfo.org"
WERUVA,Polynesian BBQ,64.0,30.0,6.0,354.0,,,FALSE,FALSE,"Pierson, L.A. (2017). catinfo.org"
WERUVA,Meow Luau,64.0,33.0,3.0,253.0,,,FALSE,FALSE,"Pierson, L.A. (2017). catinfo.org"
WERUVA,Mideast Feast,61.0,32.0,7.0,202.0,,,FALSE,FALSE,"Pierson, L.A. (2017). catinfo.org"
WERUVA,On the Cat Wok,53.0,43.0,4.0,163.0,,,FALSE,FALSE,"Pierson, L.A. (2017). catinfo.org"
WERUVA,Kawa Booty,61.0,34.0,6.0,248.0,,,FALSE,FALSE,"Pierson, L.A. (2017). catinfo.org"
WERUVA,Mediterranean Harvest,65.0,21.0,13.0,237.0,,,FALSE,FALSE,"Pierson, L.A. (2017). catinfo.org"
WERUVA,Peking Ducken,62.0,29.0,9.0,195.0,,,FALSE,FALSE,"Pierson, L.A. (2017). catinfo.org"
WERUVA,Steak Frites,45.0,49.0,6.0,118.0,,,FALSE,FALSE,"Pierson, L.A. (2017). catinfo.org"
WERUVA,Glam ’N Punk,36.0,63.0,1.0,180.0,,,FALSE,FALSE,"Pierson, L.A. (2017). catinfo.org"
WERUVA,Honor Roll,60.0,37.0,3.0,246.0,,,FALSE,FALSE,"Pierson, L.A. (2017). catinfo.org"
WERUVA,Meow Me a River,75.0,24.0,1.0,201.0,,,FALSE,FALSE,"Pierson, L.A. (2017). catinfo.org"
WERUVA,Pretty In Pink,72.0,29.0,0.0,229.0,,,FALSE,FALSE,"Pierson, L.A. (2017). catinfo.org"
WERUVA,Quick ’N Quirky,70.0,30.0,0.0,259.0,,,FALSE,FALSE,"Pierson, L.A. (2017). catinfo.org"
WERUVA,Chicken Frick ‘A Zee,51.0,47.0,2.0,174.0,,,FALSE,FALSE,"Pierson, L.A. (2017). catinfo.org"
WERUVA,Fowl Ball,41.0,55.0,4.0,180.0,,,FALSE,FALSE,"Pierson, L.A. (2017). catinfo.org"
WERUVA,Funk in the Trunk,63.0,29.0,8.0,250.0,,,FALSE,FALSE,"Pierson, L.A. (2017). catinfo.org"
WERUVA,Goldie Lox,66.0,30.0,4.0,252.0,,,FALSE,FALSE,"Pierson, L.A. (2017). catinfo.org"
WERUVA,Kitty Gone Wild,60.0,35.0,5.0,412.0,,,FALSE,FALSE,"Pierson, L.A. (2017). catinfo.org"
WERUVA,La Isla Bonita,51.0,46.0,3.0,166.0,,,FALSE,FALSE,"Pierson, L.A. (2017). catinfo.org"
WERUVA,Lamb Burgini,45.0,47.0,8.0,236.0,,,FALSE,FALSE,"Pierson, L.A. (2017). catinfo.org"
WERUVA,Splash Dance,50.0,46.0,4.0,292.0,,,FALSE,FALSE,"Pierson, L.A. (2017). catinfo.org"
WERUVA,The Double Dip,48.0,45.0,8.0,248.0,,,FALSE,FALSE,"Pierson, L.A. (2017). catinfo.org"
WERUVA,Two Tu Tango,57.0,38.0,5.0,343.0,,,FALSE,FALSE,"Pierson, L.A. (2017). catinfo.org"
WERUVA,"1 If By Land, 2 If By Sea",55.0,29.0,16.0,200.0,60.0,5.5,FALSE,FALSE,"Pierson, L.A. (2017). catinfo.org"
WERUVA,Chick Magnet,48.0,36.0,16.0,157.0,70.0,5.5,FALSE,FALSE,"Pierson, L.A. (2017). catinfo.org"
WERUVA,Love Me Tender,56.0,27.0,17.0,205.0,62.0,5.5,FALSE,FALSE,"Pierson, L.A. (2017). catinfo.org"
WERUVA,"Mack, Jack, & Sam",53.0,29.0,18.0,212.0,60.0,5.5,FALSE,FALSE,"Pierson, L.A. (2017). catinfo.org"
WERUVA,Pumpkin Jack Splash,67.0,19.0,14.0,258.0,53.0,5.5,FALSE,FALSE,"Pierson, L.A. (2017). catinfo.org"
WERUVA,Pumpkin Lickin’ Chicken,63.0,25.0,12.0,195.0,61.0,5.5,FALSE,FALSE,"Pierson, L.A. (2017). catinfo.org"
WHOLE EARTH FARMS,Chicken Pate,39.0,51.0,10.0,182.0,143.0,5.0,FALSE,FALSE,"Pierson, L.A. (2017). catinfo.org"
WHOLE EARTH FARMS,Duck Pate,28.0,68.0,4.0,130.0,133.0,5.0,FALSE,FALSE,"Pierson, L.A. (2017). catinfo.org"
WHOLE EARTH FARMS,Turkey Pate,38.0,57.0,5.0,246.0,143.0,5.0,FALSE,FALSE,"Pierson, L.A. (2017). catinfo.org"
WHOLE EARTH FARMS,Beef Pate,40.0,48.0,12.0,265.0,133.0,5.0,FALSE,FALSE,"Pierson, L.A. (2017). catinfo.org"
WILD CALLING,Cabin Fever Chicken Cat,30.0,68.0,2.0,316.0,206.0,5.5,FALSE,FALSE,"Pierson, L.A. (2017). catinfo.org"
WILD CALLING,Cowabunga Beef Cat,31.0,67.0,2.0,229.0,223.0,5.5,FALSE,FALSE,"Pierson, L.A. (2017). catinfo.org"
WILD CALLING,Jumping Salmon Cat,32.0,63.0,4.0,399.0,179.0,5.5,FALSE,FALSE,"Pierson, L.A. (2017). catinfo.org"
WILD CALLING,Magic Meadow Buffalo Cat,30.0,68.0,2.0,309.0,220.0,5.5,FALSE,FALSE,"Pierson, L.A. (2017). catinfo.org"
WILD CALLING,Inland Waters Duck Cat,32.0,64.0,4.0,316.0,184.0,5.5,FALSE,FALSE,"Pierson, L.A. (2017). catinfo.org"
WILD CALLING,Rabbit Burrow Rabbit Cat,33.0,64.0,4.0,312.0,196.0,5.5,FALSE,FALSE,"Pierson, L.A. (2017). catinfo.org"
WILD CALLING,Trot-N-Tommy Turkey Cat,33.0,64.0,2.0,327.0,189.0,5.5,FALSE,FALSE,"Pierson, L.A. (2017). catinfo.org"
WILD CALLING,Triple Delight Cat,28.0,70.0,2.0,246.0,220.0,5.5,FALSE,FALSE,"Pierson, L.A. (2017). catinfo.org"
WILD CALLING,Chicken - Epigen,33.0,62.0,5.0,143.0,490.0,13.0,FALSE,FALSE,"Pierson, L.A. (2017). catinfo.org"
WILD CALLING,Turkey - Epigen,32.0,62.0,6.0,123.0,505.0,13.0,FALSE,FALSE,"Pierson, L.A. (2017). catinfo.org"
WILD CALLING,Duck - Epigen,32.0,63.0,5.0,122.0,486.0,13.0,FALSE,FALSE,"Pierson, L.A. (2017). catinfo.org"
WILD CALLING,Rabbit - Epigen,32.0,65.0,3.0,139.0,562.0,13.0,FALSE,FALSE,"Pierson, L.A. (2017). catinfo.org"
WILD CALLING,Beef - Epigen,32.0,65.0,3.0,159.0,541.0,13.0,FALSE,FALSE,"Pierson, L.A. (2017). catinfo.org"
WILD CALLING,Uretic,37.0,53.0,10.0,179.0,174.0,5.5,FALSE,FALSE,"Pierson, L.A. (2017). catinfo.org"
ZIWIPEAK,Beef,33.0,57.0,10.0,298.0,,,FALSE,FALSE,"Pierson, L.A. (2017). catinfo.org"
ZIWIPEAK,Lamb,32.0,63.0,6.0,254.0,,,FALSE,FALSE,"Pierson, L.A. (2017). catinfo.org"
ZIWIPEAK,Rabbit & Lamb,35.0,62.0,3.0,271.0,,,FALSE,FALSE,"Pierson, L.A. (2017). catinfo.org"
ZIWIPEAK,Venison,35.0,62.0,3.0,252.0,,,FALSE,FALSE,"Pierson, L.A. (2017). catinfo.org"
ZIWIPEAK,Venison & Fish,36.0,59.0,5.0,260.0,,,FALSE,FALSE,"Pierson, L.A. (2017). catinfo.org"
PURINA,CN,28.0,63.0,9.0,249.0,208.0,5.5,FALSE,FALSE,"Pierson, L.A. (2017). catinfo.org"
PURINA,DH (DRY),36.0,32.0,33.0,354.0,,,FALSE,FALSE,"Pierson, L.A. (2017). catinfo.org"
PURINA,DM,43.0,52.0,6.0,297.0,191.0,5.5,FALSE,FALSE,"Pierson, L.A. (2017). catinfo.org"
PURINA,DM Savory Selects in Sauce,49.0,40.0,10.0,256.0,171.0,5.5,FALSE,FALSE,"Pierson, L.A. (2017). catinfo.org"
PURINA,EN,39.0,44.0,17.0,278.0,179.0,5.5,FALSE,FALSE,"Pierson, L.A. (2017). catinfo.org"
PURINA,EN Naturals,35.0,51.0,14.0,301.0,188.0,5.5,FALSE,FALSE,"Pierson, L.A. (2017). catinfo.org"
PURINA,NF,28.0,45.0,27.0,136.0,193.0,5.5,FALSE,FALSE,"Pierson, L.A. (2017). catinfo.org"
PURINA,OM,46.0,33.0,21.0,340.0,130.0,5.5,FALSE,FALSE,"Pierson, L.A. (2017). catinfo.org"
PURINA,OM Savory Selects in Sauce,53.0,30.0,17.0,279.0,124.0,5.5,FALSE,FALSE,"Pierson, L.A. (2017). catinfo.org"
PURINA,UR,38.0,51.0,12.0,191.0,179.0,5.5,FALSE,FALSE,"Pierson, L.A. (2017). catinfo.org"
PURINA,a/d,33.0,55.0,12.0,209.0,180.0,5.5,FALSE,FALSE,"Pierson, L.A. (2017). catinfo.org"
PURINA,Health Chicken & Vegetable,35.0,38.0,28.0,171.0,68.0,2.9,FALSE,FALSE,"Pierson, L.A. (2017). catinfo.org"
PURINA,d/d Duck,29.0,54.0,17.0,165.0,189.0,5.5,FALSE,FALSE,"Pierson, L.A. (2017). catinfo.org"
PURINA,d/d Venison,28.0,56.0,16.0,150.0,197.0,5.5,FALSE,FALSE,"Pierson, L.A. (2017). catinfo.org"
PURINA,g/d,28.0,39.0,33.0,123.0,165.0,5.5,FALSE,FALSE,"Pierson, L.A. (2017). catinfo.org"
PURINA,i/d,30.0,47.0,23.0,203.0,161.0,5.5,FALSE,FALSE,"Pierson, L.A. (2017). catinfo.org"
PURINA,i/d Chicken & Vegetable Stew,32.0,44.0,24.0,219.0,71.0,2.9,FALSE,FALSE,"Pierson, L.A. (2017). catinfo.org"
PURINA,j/d,32.0,38.0,30.0,195.0,152.0,5.5,FALSE,FALSE,"Pierson, L.A. (2017). catinfo.org"
PURINA,k/d Vegetable & Tuna Stew,24.0,47.0,29.0,107.0,,,FALSE,FALSE,"Pierson, L.A. (2017). catinfo.org"
PURINA,k/d with Chicken,22.0,51.0,27.0,85.0,183.0,5.5,FALSE,FALSE,"Pierson, L.A. (2017). catinfo.org"
PURINA,k/d with Ocean Fish,23.0,50.0,27.0,117.0,187.0,5.5,FALSE,FALSE,"Pierson, L.A. (2017). catinfo.org"
PURINA,l/d,25.0,45.0,30.0,145.0,183.0,5.5,FALSE,FALSE,"Pierson, L.A. (2017). catinfo.org"
PURINA,Metabolic,39.0,31.0,30.0,193.0,129.0,5.5,FALSE,FALSE,"Pierson, L.A. (2017). catinfo.org"
PURINA,m/d,46.0,41.0,13.0,170.0,156.0,5.5,FALSE,FALSE,"Pierson, L.A. (2017). catinfo.org"
PURINA,r/d,41.0,24.0,35.0,205.0,114.0,5.5,FALSE,FALSE,"Pierson, L.A. (2017). catinfo.org"
PURINA,s/d,29.0,58.0,13.0,109.0,215.0,5.5,FALSE,FALSE,"Pierson, L.A. (2017). catinfo.org"
PURINA,t/d (DRY),30.0,39.0,31.0,212.0,,,FALSE,FALSE,"Pierson, L.A. (2017). catinfo.org"
PURINA,w/d,37.0,38.0,25.0,197.0,127.0,5.5,FALSE,FALSE,"Pierson, L.A. (2017). catinfo.org"
PURINA,y/d,27.0,49.0,24.0,141.0,188.0,5.5,FALSE,FALSE,"Pierson, L.A. (2017). catinfo.org"
PURINA,z/d,28.0,37.0,35.0,157.0,169.0,5.5,FALSE,FALSE,"Pierson, L.A. (2017). catinfo.org"
PURINA,Developement Kitten,43.0,46.0,11.0,250.0,154.0,5.5,FALSE,FALSE,"Pierson, L.A. (2017). catinfo.org"
PURINA,Weight Control,49.0,28.0,23.0,240.0,125.0,5.5,FALSE,FALSE,"Pierson, L.A. (2017). catinfo.org"
PURINA,Adult,45.0,36.0,19.0,230.0,148.0,5.5,FALSE,FALSE,"Pierson, L.A. (2017). catinfo.org"
PURINA,Dental (DRY),28.0,36.0,36.0,180.0,,,FALSE,FALSE,"Pierson, L.A. (2017). catinfo.org"
PURINA,Mature Consult,45.0,27.0,28.0,170.0,134.0,5.5,FALSE,FALSE,"Pierson, L.A. (2017). catinfo.org"
PURINA,Senior Consult,33.0,37.0,30.0,140.0,150.0,5.5,FALSE,FALSE,"Pierson, L.A. (2017). catinfo.org"
PURINA,Selected Protein - Duck,31.0,53.0,16.0,190.0,189.0,5.5,FALSE,FALSE,"Pierson, L.A. (2017). catinfo.org"
PURINA,Selected Protein - Rabbit,34.0,51.0,15.0,270.0,167.0,5.5,FALSE,FALSE,"Pierson, L.A. (2017). catinfo.org"
PURINA,Selected Protein - Venison,30.0,46.0,24.0,300.0,146.0,5.5,FALSE,FALSE,"Pierson, L.A. (2017). catinfo.org"
PURINA,Glycobalance,51.0,34.0,14.0,200.0,61.0,3.0,FALSE,FALSE,"Pierson, L.A. (2017). catinfo.org"
PURINA,GI High Energy,30.0,51.0,19.0,260.0,180.0,5.5,FALSE,FALSE,"Pierson, L.A. (2017). catinfo.org"
PURINA,MF Urinary + Calm,40.0,36.0,24.0,224.0,60.0,3.0,FALSE,FALSE,"Pierson, L.A. (2017). catinfo.org"
PURINA,Recovery - Feline & Canine,36.0,58.0,3.0,250.0,183.0,5.5,FALSE,FALSE,"Pierson, L.A. (2017). catinfo.org"
PURINA,Renal Support - D,24.0,60.0,16.0,80.0,97.0,3.0,FALSE,FALSE,"Pierson, L.A. (2017). catinfo.org"
PURINA,Renal Support - E,25.0,54.0,21.0,90.0,171.0,5.5,FALSE,FALSE,"Pierson, L.A. (2017). catinfo.org"
PURINA,Renal Support - T,24.0,53.0,23.0,100.0,82.0,3.0,FALSE,FALSE,"Pierson, L.A. (2017). catinfo.org"
PURINA,SO - Pate,31.0,49.0,20.0,170.0,142.0,5.5,FALSE,FALSE,"Pierson, L.A. (2017). catinfo.org"
PURINA,SO Morsels in Gravy,31.0,48.0,21.0,170.0,76.0,3.0,FALSE,FALSE,"Pierson, L.A. (2017). catinfo.org"
PURINA,SO Moderate Calorie,40.0,36.0,24.0,180.0,60.0,3.0,FALSE,FALSE,"Pierson, L.A. (2017). catinfo.org"
PURINA,Calorie Control - Pate,58.0,32.0,11.0,270.0,90.0,5.5,FALSE,FALSE,"Pierson, L.A. (2017). catinfo.org"
PURINA,Calorie Control High Fiber,32.0,40.0,29.0,180.0,138.0,6.0,FALSE,FALSE,"Pierson, L.A. (2017). catinfo.org"
PURINA,Kitten Chicken,36.0,45.0,19.0,207.0,173.0,5.5,FALSE,FALSE,"Pierson, L.A. (2017). catinfo.org"
PURINA,Adult Chicken,34.0,40.0,26.0,154.0,162.0,5.5,FALSE,FALSE,"Pierson, L.A. (2017). catinfo.org"
PURINA,Mature Adult Chicken,35.0,39.0,26.0,146.0,161.0,5.5,FALSE,FALSE,"Pierson, L.A. (2017). catinfo.org"